ID,Section,Screen,Segment,Copy Type,Content,Status,Notes,Figma Link,Key,Variables,Condition,File,Line,Storage
1,Navigation,Navigation Rail,,label,Profile,draft,,https://www.figma.com/design/VCjqlGu9kQVy2i5nqDxKqa/Exploration-pt-II?node-id=524-2023,onboarding.stages.profile.label,,,src/scenes/OnboardingFlow.tsx,23,constant
2,Navigation,Navigation Rail,,label,Where you are now,draft,,https://www.figma.com/design/VCjqlGu9kQVy2i5nqDxKqa/Exploration-pt-II?node-id=524-2023,onboarding.stages.profile.sub,,,src/scenes/OnboardingFlow.tsx,23,constant
3,Navigation,Navigation Rail,,label,Goals,draft,,https://www.figma.com/design/VCjqlGu9kQVy2i5nqDxKqa/Exploration-pt-II?node-id=524-2023,onboarding.stages.goals.label,,,src/scenes/OnboardingFlow.tsx,23,constant
4,Navigation,Navigation Rail,,label,Where you're going,draft,,https://www.figma.com/design/VCjqlGu9kQVy2i5nqDxKqa/Exploration-pt-II?node-id=524-2023,onboarding.stages.goals.sub,,,src/scenes/OnboardingFlow.tsx,23,constant
5,Navigation,Navigation Rail,,label,Business,draft,,https://www.figma.com/design/VCjqlGu9kQVy2i5nqDxKqa/Exploration-pt-II?node-id=524-2023,onboarding.stages.business.label,,,src/scenes/OnboardingFlow.tsx,23,constant
6,Navigation,Navigation Rail,,label,How you run your business,draft,,https://www.figma.com/design/VCjqlGu9kQVy2i5nqDxKqa/Exploration-pt-II?node-id=524-2023,onboarding.stages.business.sub,,,src/scenes/OnboardingFlow.tsx,23,constant
7,Navigation,Navigation Rail,,label,Clients,draft,,https://www.figma.com/design/VCjqlGu9kQVy2i5nqDxKqa/Exploration-pt-II?node-id=524-2023,onboarding.stages.clients.label,,,src/scenes/OnboardingFlow.tsx,23,constant
8,Navigation,Navigation Rail,,label,How you work,draft,,https://www.figma.com/design/VCjqlGu9kQVy2i5nqDxKqa/Exploration-pt-II?node-id=524-2023,onboarding.stages.clients.sub,,,src/scenes/OnboardingFlow.tsx,23,constant
9,Navigation,Navigation Rail,,label,Your plan,draft,,https://www.figma.com/design/VCjqlGu9kQVy2i5nqDxKqa/Exploration-pt-II?node-id=524-2023,onboarding.stages.plan.label,,,src/scenes/OnboardingFlow.tsx,23,constant
10,Welcome,Welcome Intro,,tagline,A plan that makes the most of your time.,draft,,https://www.figma.com/design/VCjqlGu9kQVy2i5nqDxKqa/Exploration-pt-II?node-id=895-3701,onboarding.intro.taglines[0],,,src/ui/WelcomeSequence.tsx,,constant
11,Welcome,Welcome Intro,,tagline,A plan that simplifies your day.,draft,,https://www.figma.com/design/VCjqlGu9kQVy2i5nqDxKqa/Exploration-pt-II?node-id=895-3701,onboarding.intro.taglines[1],,,src/ui/WelcomeSequence.tsx,,constant
12,Welcome,Welcome Intro,,tagline,A plan that stays current as things change.,draft,,https://www.figma.com/design/VCjqlGu9kQVy2i5nqDxKqa/Exploration-pt-II?node-id=895-3701,onboarding.intro.taglines[2],,,src/ui/WelcomeSequence.tsx,,constant
13,Welcome,Welcome Intro,,tagline,A plan that bubbles up what matters most.,draft,,https://www.figma.com/design/VCjqlGu9kQVy2i5nqDxKqa/Exploration-pt-II?node-id=895-3701,onboarding.intro.taglines[3],,,src/ui/WelcomeSequence.tsx,,constant
14,Welcome,Welcome Intro,,tagline,A plan that frees you to focus on clients.,draft,,https://www.figma.com/design/VCjqlGu9kQVy2i5nqDxKqa/Exploration-pt-II?node-id=895-3701,onboarding.intro.taglines[4],,,src/ui/WelcomeSequence.tsx,,constant
15,Welcome,Welcome Intro,,tagline,A plan that powers your growth & ambitions.,draft,,https://www.figma.com/design/VCjqlGu9kQVy2i5nqDxKqa/Exploration-pt-II?node-id=895-3701,onboarding.intro.taglines[5],,,src/ui/WelcomeSequence.tsx,,constant
16,Welcome,Welcome Intro,,headline,You build plans for everyone.,draft,,https://www.figma.com/design/VCjqlGu9kQVy2i5nqDxKqa/Exploration-pt-II?node-id=895-3701,onboarding.intro.line1,,,src/ui/WelcomeSequence.tsx,,inline
17,Welcome,Welcome Intro,,headline,Let's build one for you.,draft,,https://www.figma.com/design/VCjqlGu9kQVy2i5nqDxKqa/Exploration-pt-II?node-id=895-3701,onboarding.intro.line2,,,src/ui/WelcomeSequence.tsx,,inline
18,Welcome,Welcome Intro,,cta,Get started,draft,,https://www.figma.com/design/VCjqlGu9kQVy2i5nqDxKqa/Exploration-pt-II?node-id=895-3701,onboarding.intro.cta,,,src/ui/WelcomeSequence.tsx,,inline
19,Welcome,Welcome Intro,,label,"Welcome, {advisorName}",draft,,https://www.figma.com/design/VCjqlGu9kQVy2i5nqDxKqa/Exploration-pt-II?node-id=895-3701,onboarding.intro.greeting,advisorName,,src/ui/WelcomeSequence.tsx,,inline
20,Introduction,Meet Nyla,,headline,"Hi, I'm Nyla and I'm here to support your plan.",draft,,https://www.figma.com/design/VCjqlGu9kQVy2i5nqDxKqa/Exploration-pt-II?node-id=524-2023,onboarding.create-plan.headline,,,src/scenes/OnboardingFlow.tsx,,inline
21,Introduction,Meet Nyla,,body,"We'll use existing insights about your business, along some questions, to create a plan tailored to your practice and clients.",draft,,https://www.figma.com/design/VCjqlGu9kQVy2i5nqDxKqa/Exploration-pt-II?node-id=524-2023,onboarding.create-plan.body1,,,src/scenes/OnboardingFlow.tsx,,inline
22,Introduction,Meet Nyla,,body,"The next few questions help personalize your experience. It takes about 4 minutes, and you can adjust this information at any time.",draft,,https://www.figma.com/design/VCjqlGu9kQVy2i5nqDxKqa/Exploration-pt-II?node-id=524-2023,onboarding.create-plan.body2,,,src/scenes/OnboardingFlow.tsx,,inline
23,Introduction,Meet Nyla,,cta,I'm ready,draft,,https://www.figma.com/design/VCjqlGu9kQVy2i5nqDxKqa/Exploration-pt-II?node-id=524-2023,onboarding.create-plan.cta,,,src/scenes/OnboardingFlow.tsx,,inline
24,Introduction,Let's Get Started,,headline,Let's help you get where you want to go.,draft,,https://www.figma.com/design/VCjqlGu9kQVy2i5nqDxKqa/Exploration-pt-II?node-id=524-2537,onboarding.welcome.headline,,,src/scenes/OnboardingFlow.tsx,,inline
25,Introduction,Let's Get Started,,body,"I'm Nyla. Before we start, I want to learn how you work — your book, your rhythm, what you're trying to build. A few quick questions, then I get out of your way.",draft,,https://www.figma.com/design/VCjqlGu9kQVy2i5nqDxKqa/Exploration-pt-II?node-id=524-2537,onboarding.welcome.body,,,src/scenes/OnboardingFlow.tsx,,inline
26,Introduction,Let's Get Started,,body,Takes about 3 minutes.,draft,,https://www.figma.com/design/VCjqlGu9kQVy2i5nqDxKqa/Exploration-pt-II?node-id=524-2537,onboarding.welcome.sub,,,src/scenes/OnboardingFlow.tsx,,inline
27,Introduction,Let's Get Started,,cta,Let's start,draft,,https://www.figma.com/design/VCjqlGu9kQVy2i5nqDxKqa/Exploration-pt-II?node-id=524-2537,onboarding.welcome.cta-primary,,,src/scenes/OnboardingFlow.tsx,,inline
28,Introduction,Let's Get Started,,cta,Skip — just show me the dashboard →,draft,,https://www.figma.com/design/VCjqlGu9kQVy2i5nqDxKqa/Exploration-pt-II?node-id=524-2537,onboarding.welcome.cta-skip,,,src/scenes/OnboardingFlow.tsx,,inline
29,Profile,Profile Review,,headline,Let's start with what we know,draft,,https://www.figma.com/design/VCjqlGu9kQVy2i5nqDxKqa/Exploration-pt-II?node-id=524-2537,onboarding.profile.headline,,,src/scenes/OnboardingFlow.tsx,,inline
30,Profile,Profile Review,,body,"We've already gathered some information about your practice. Take a look, confirm what's correct, and update anything that needs attention.",draft,,https://www.figma.com/design/VCjqlGu9kQVy2i5nqDxKqa/Exploration-pt-II?node-id=524-2537,onboarding.profile.subheadline,,,src/scenes/OnboardingFlow.tsx,,inline
31,Profile,Profile Review,,label,Profile loaded,draft,,https://www.figma.com/design/VCjqlGu9kQVy2i5nqDxKqa/Exploration-pt-II?node-id=524-2537,onboarding.profile.loaded-indicator,,,src/scenes/OnboardingFlow.tsx,,inline
32,Profile,Profile Review,,body,"You seem to have a strong foundation in protection products, with opportunities to build toward a more holistic advice practice. The questions ahead focus on your future goals.",draft,,https://www.figma.com/design/VCjqlGu9kQVy2i5nqDxKqa/Exploration-pt-II?node-id=524-2537,onboarding.profile.analysis,,,src/scenes/OnboardingFlow.tsx,,inline
33,Profile,Profile Review,,cta,Looks good,draft,,https://www.figma.com/design/VCjqlGu9kQVy2i5nqDxKqa/Exploration-pt-II?node-id=524-2537,onboarding.profile.cta-primary,,,src/scenes/OnboardingFlow.tsx,,inline
34,Profile,Profile Review,,cta,Something seems wrong,draft,,https://www.figma.com/design/VCjqlGu9kQVy2i5nqDxKqa/Exploration-pt-II?node-id=524-2537,onboarding.profile.cta-secondary,,,src/scenes/OnboardingFlow.tsx,,inline
35,Profile,Profile Review,,loading,Connecting to Salesforce…,draft,,https://www.figma.com/design/VCjqlGu9kQVy2i5nqDxKqa/Exploration-pt-II?node-id=524-2537,onboarding.profile.loading[0],,,src/scenes/OnboardingFlow.tsx,,constant
36,Profile,Profile Review,,loading,Reading your production history from Salesforce…,draft,,https://www.figma.com/design/VCjqlGu9kQVy2i5nqDxKqa/Exploration-pt-II?node-id=524-2537,onboarding.profile.loading[1],,,src/scenes/OnboardingFlow.tsx,,constant
37,Profile,Profile Review,,loading,"Pulling product mix from Salesforce, licensing from Sales Central…",draft,,https://www.figma.com/design/VCjqlGu9kQVy2i5nqDxKqa/Exploration-pt-II?node-id=524-2537,onboarding.profile.loading[2],,,src/scenes/OnboardingFlow.tsx,,constant
38,Profile,Profile Review,,loading,Confirming practice structure in Sales Central…,draft,,https://www.figma.com/design/VCjqlGu9kQVy2i5nqDxKqa/Exploration-pt-II?node-id=524-2537,onboarding.profile.loading[3],,,src/scenes/OnboardingFlow.tsx,,constant
39,Profile,Profile Review,,label,Years with New York Life,draft,,https://www.figma.com/design/VCjqlGu9kQVy2i5nqDxKqa/Exploration-pt-II?node-id=524-2537,onboarding.profile.cards.years.label,,,src/scenes/OnboardingFlow.tsx,,constant
40,Profile,Profile Review,,stat,5,draft,Demo value — will be data-driven in production,https://www.figma.com/design/VCjqlGu9kQVy2i5nqDxKqa/Exploration-pt-II?node-id=524-2537,onboarding.profile.cards.years.value,,,src/scenes/OnboardingFlow.tsx,,constant
41,Profile,Profile Review,,label,Since 2021,draft,,https://www.figma.com/design/VCjqlGu9kQVy2i5nqDxKqa/Exploration-pt-II?node-id=524-2537,onboarding.profile.cards.years.sub,,,src/scenes/OnboardingFlow.tsx,,constant
42,Profile,Profile Review,,label,Council standing,draft,,https://www.figma.com/design/VCjqlGu9kQVy2i5nqDxKqa/Exploration-pt-II?node-id=524-2537,onboarding.profile.cards.council.label,,,src/scenes/OnboardingFlow.tsx,,constant
43,Profile,Profile Review,,stat,Quality Council,draft,Demo value — will be data-driven in production,https://www.figma.com/design/VCjqlGu9kQVy2i5nqDxKqa/Exploration-pt-II?node-id=524-2537,onboarding.profile.cards.council.value,,,src/scenes/OnboardingFlow.tsx,,constant
44,Profile,Profile Review,,label,2 years running,draft,,https://www.figma.com/design/VCjqlGu9kQVy2i5nqDxKqa/Exploration-pt-II?node-id=524-2537,onboarding.profile.cards.council.sub,,,src/scenes/OnboardingFlow.tsx,,constant
45,Profile,Profile Review,,label,Active clients,draft,,https://www.figma.com/design/VCjqlGu9kQVy2i5nqDxKqa/Exploration-pt-II?node-id=524-2537,onboarding.profile.cards.clients.label,,,src/scenes/OnboardingFlow.tsx,,constant
46,Profile,Profile Review,,stat,213,draft,Demo value — will be data-driven in production,https://www.figma.com/design/VCjqlGu9kQVy2i5nqDxKqa/Exploration-pt-II?node-id=524-2537,onboarding.profile.cards.clients.value,,,src/scenes/OnboardingFlow.tsx,,constant
47,Profile,Profile Review,,label,in your book,draft,,https://www.figma.com/design/VCjqlGu9kQVy2i5nqDxKqa/Exploration-pt-II?node-id=524-2537,onboarding.profile.cards.clients.sub,,,src/scenes/OnboardingFlow.tsx,,constant
48,Profile,Profile Review,,label,Source: Salesforce,draft,,https://www.figma.com/design/VCjqlGu9kQVy2i5nqDxKqa/Exploration-pt-II?node-id=524-2537,onboarding.profile.cards.clients.source,,,src/scenes/OnboardingFlow.tsx,,constant
49,Profile,Profile Review,,label,2026 production pace,draft,,https://www.figma.com/design/VCjqlGu9kQVy2i5nqDxKqa/Exploration-pt-II?node-id=524-2537,onboarding.profile.cards.pace.label,,,src/scenes/OnboardingFlow.tsx,,constant
50,Profile,Profile Review,,stat,+8%,draft,Demo value — will be data-driven in production,https://www.figma.com/design/VCjqlGu9kQVy2i5nqDxKqa/Exploration-pt-II?node-id=524-2537,onboarding.profile.cards.pace.value,,,src/scenes/OnboardingFlow.tsx,,constant
51,Profile,Profile Review,,label,vs. last year,draft,,https://www.figma.com/design/VCjqlGu9kQVy2i5nqDxKqa/Exploration-pt-II?node-id=524-2537,onboarding.profile.cards.pace.sub,,,src/scenes/OnboardingFlow.tsx,,constant
52,Profile,Profile Review,,label,Source: Salesforce,draft,,https://www.figma.com/design/VCjqlGu9kQVy2i5nqDxKqa/Exploration-pt-II?node-id=524-2537,onboarding.profile.cards.pace.source,,,src/scenes/OnboardingFlow.tsx,,constant
53,Profile,Profile Review,,label,3 year average FYC,draft,,https://www.figma.com/design/VCjqlGu9kQVy2i5nqDxKqa/Exploration-pt-II?node-id=524-2537,onboarding.profile.cards.fyc.label,,,src/scenes/OnboardingFlow.tsx,,constant
54,Profile,Profile Review,,stat,$52K,draft,Demo value — will be data-driven in production,https://www.figma.com/design/VCjqlGu9kQVy2i5nqDxKqa/Exploration-pt-II?node-id=524-2537,onboarding.profile.cards.fyc.value,,,src/scenes/OnboardingFlow.tsx,,constant
55,Profile,Profile Review,,label,Source: Salesforce,draft,,https://www.figma.com/design/VCjqlGu9kQVy2i5nqDxKqa/Exploration-pt-II?node-id=524-2537,onboarding.profile.cards.fyc.source,,,src/scenes/OnboardingFlow.tsx,,constant
56,Profile,Profile Review,,label,Primary product,draft,,https://www.figma.com/design/VCjqlGu9kQVy2i5nqDxKqa/Exploration-pt-II?node-id=524-2537,onboarding.profile.cards.product.label,,,src/scenes/OnboardingFlow.tsx,,constant
57,Profile,Profile Review,,stat,Protection,draft,Demo value — will be data-driven in production,https://www.figma.com/design/VCjqlGu9kQVy2i5nqDxKqa/Exploration-pt-II?node-id=524-2537,onboarding.profile.cards.product.value,,,src/scenes/OnboardingFlow.tsx,,constant
58,Profile,Profile Review,,label,Transitioning to holistic,draft,,https://www.figma.com/design/VCjqlGu9kQVy2i5nqDxKqa/Exploration-pt-II?node-id=524-2537,onboarding.profile.cards.product.sub,,,src/scenes/OnboardingFlow.tsx,,constant
59,Profile,Profile Review,,label,Source: Salesforce,draft,,https://www.figma.com/design/VCjqlGu9kQVy2i5nqDxKqa/Exploration-pt-II?node-id=524-2537,onboarding.profile.cards.product.source,,,src/scenes/OnboardingFlow.tsx,,constant
60,Profile,Profile Review,,label,Licensing,draft,,https://www.figma.com/design/VCjqlGu9kQVy2i5nqDxKqa/Exploration-pt-II?node-id=524-2537,onboarding.profile.cards.licensing.label,,,src/scenes/OnboardingFlow.tsx,,constant
61,Profile,Profile Review,,stat,6 active licenses,draft,Demo value — will be data-driven in production,https://www.figma.com/design/VCjqlGu9kQVy2i5nqDxKqa/Exploration-pt-II?node-id=524-2537,onboarding.profile.cards.licensing.value,,,src/scenes/OnboardingFlow.tsx,,constant
62,Profile,Profile Review,,label,Source: Sales Central,draft,,https://www.figma.com/design/VCjqlGu9kQVy2i5nqDxKqa/Exploration-pt-II?node-id=524-2537,onboarding.profile.cards.licensing.source,,,src/scenes/OnboardingFlow.tsx,,constant
63,Profile,Profile Review,,label,Practice type,draft,,https://www.figma.com/design/VCjqlGu9kQVy2i5nqDxKqa/Exploration-pt-II?node-id=524-2537,onboarding.profile.cards.practice.label,,,src/scenes/OnboardingFlow.tsx,,constant
64,Profile,Profile Review,,stat,Solo,draft,Demo value — will be data-driven in production,https://www.figma.com/design/VCjqlGu9kQVy2i5nqDxKqa/Exploration-pt-II?node-id=524-2537,onboarding.profile.cards.practice.value,,,src/scenes/OnboardingFlow.tsx,,constant
65,Profile,Profile Review,,label,Source: Sales Central,draft,,https://www.figma.com/design/VCjqlGu9kQVy2i5nqDxKqa/Exploration-pt-II?node-id=524-2537,onboarding.profile.cards.practice.source,,,src/scenes/OnboardingFlow.tsx,,constant
66,Profile,Your Targets,,body,Your manager Elisa F. has set some targets for your development. These factor into how I suggest your goals.,draft,,https://www.figma.com/design/VCjqlGu9kQVy2i5nqDxKqa/Exploration-pt-II?node-id=524-2752,onboarding.targets.body,,,src/scenes/OnboardingFlow.tsx,,inline
67,Profile,Your Targets,,label,Your targets,draft,,https://www.figma.com/design/VCjqlGu9kQVy2i5nqDxKqa/Exploration-pt-II?node-id=524-2752,onboarding.targets.section-label,,,src/scenes/OnboardingFlow.tsx,,inline
68,Profile,Your Targets,,cta,This looks good,draft,,https://www.figma.com/design/VCjqlGu9kQVy2i5nqDxKqa/Exploration-pt-II?node-id=524-2752,onboarding.targets.cta-primary,,,src/scenes/OnboardingFlow.tsx,,inline
69,Profile,Your Targets,,cta,There's an issue,draft,,https://www.figma.com/design/VCjqlGu9kQVy2i5nqDxKqa/Exploration-pt-II?node-id=524-2752,onboarding.targets.cta-secondary,,,src/scenes/OnboardingFlow.tsx,,inline
70,Goals,Goals Introduction,,headline,Let's define your goals for 2026.,draft,,https://www.figma.com/design/VCjqlGu9kQVy2i5nqDxKqa/Exploration-pt-II?node-id=524-2537,onboarding.goals-intro.headline,,"mode !== ""revisit-goals""",src/scenes/OnboardingFlow.tsx,,inline
71,Goals,Goals Introduction,,headline,Let's revisit your goals.,draft,,https://www.figma.com/design/VCjqlGu9kQVy2i5nqDxKqa/Exploration-pt-II?node-id=524-2537,onboarding.goals-intro.headline-revisit,,"mode === ""revisit-goals""",src/scenes/OnboardingFlow.tsx,,inline
72,Goals,Goals Introduction,,body,"Set the targets that you want to keep track against. We'll help you figure out the pace and the steps to get there. Don't worry, you can adjust this at any time.",draft,,https://www.figma.com/design/VCjqlGu9kQVy2i5nqDxKqa/Exploration-pt-II?node-id=524-2537,onboarding.goals-intro.body,,"mode !== ""revisit-goals""",src/scenes/OnboardingFlow.tsx,,inline
73,Goals,Goals Introduction,,body,Walk through each question and update anything that's changed. Your previous answers are already filled in — just adjust what you want and confirm the rest.,draft,,https://www.figma.com/design/VCjqlGu9kQVy2i5nqDxKqa/Exploration-pt-II?node-id=524-2537,onboarding.goals-intro.body-revisit,,"mode === ""revisit-goals""",src/scenes/OnboardingFlow.tsx,,inline
74,Goals,Goals Introduction,,cta,Continue,draft,,https://www.figma.com/design/VCjqlGu9kQVy2i5nqDxKqa/Exploration-pt-II?node-id=524-2537,onboarding.goals-intro.cta,,,src/scenes/OnboardingFlow.tsx,,inline
75,Goals,Your Vision,,headline,Anything else you want to share about your vision?,draft,,https://www.figma.com/design/VCjqlGu9kQVy2i5nqDxKqa/Exploration-pt-II?node-id=524-2979,onboarding.advisor-vision.headline,,,src/scenes/OnboardingFlow.tsx,,inline
76,Goals,Your Vision,,body,In your own words — no right answer.,draft,,https://www.figma.com/design/VCjqlGu9kQVy2i5nqDxKqa/Exploration-pt-II?node-id=524-2979,onboarding.advisor-vision.sub,,,src/scenes/OnboardingFlow.tsx,,inline
77,Goals,Your Vision,,placeholder,"e.g. Someone who helps people think about their whole financial picture, not just their policies",draft,,https://www.figma.com/design/VCjqlGu9kQVy2i5nqDxKqa/Exploration-pt-II?node-id=524-2979,onboarding.advisor-vision.placeholder,,,src/scenes/OnboardingFlow.tsx,,inline
78,Goals,Practice Direction,,headline,Where do you want your practice to head in the next 2–3 years?,draft,,https://www.figma.com/design/VCjqlGu9kQVy2i5nqDxKqa/Exploration-pt-II?node-id=524-3208,onboarding.direction.headline,,,src/scenes/OnboardingFlow.tsx,,inline
79,Goals,Practice Direction,,body,Select up to 3.,draft,,https://www.figma.com/design/VCjqlGu9kQVy2i5nqDxKqa/Exploration-pt-II?node-id=524-3208,onboarding.direction.sub,,,src/scenes/OnboardingFlow.tsx,,inline
80,Goals,Practice Direction,,label,Become a true holistic financial advisor,draft,,https://www.figma.com/design/VCjqlGu9kQVy2i5nqDxKqa/Exploration-pt-II?node-id=524-3208,onboarding.direction.options.holistic.title,,,src/scenes/OnboardingFlow.tsx,,constant
81,Goals,Practice Direction,,label,"Planning, investments, protection together",draft,,https://www.figma.com/design/VCjqlGu9kQVy2i5nqDxKqa/Exploration-pt-II?node-id=524-3208,onboarding.direction.options.holistic.sub,,,src/scenes/OnboardingFlow.tsx,,constant
82,Goals,Practice Direction,,label,Build toward Eagle and investment advisory,draft,,https://www.figma.com/design/VCjqlGu9kQVy2i5nqDxKqa/Exploration-pt-II?node-id=524-3208,onboarding.direction.options.eagle.title,,,src/scenes/OnboardingFlow.tsx,,constant
83,Goals,Practice Direction,,label,"IAR track, AUM, fee-based",draft,,https://www.figma.com/design/VCjqlGu9kQVy2i5nqDxKqa/Exploration-pt-II?node-id=524-3208,onboarding.direction.options.eagle.sub,,,src/scenes/OnboardingFlow.tsx,,constant
84,Goals,Practice Direction,,label,Generating qualified referrals consistently,draft,,https://www.figma.com/design/VCjqlGu9kQVy2i5nqDxKqa/Exploration-pt-II?node-id=524-3208,onboarding.direction.options.referrals.title,,,src/scenes/OnboardingFlow.tsx,,constant
85,Goals,Practice Direction,,label,Before expanding further,draft,,https://www.figma.com/design/VCjqlGu9kQVy2i5nqDxKqa/Exploration-pt-II?node-id=524-3208,onboarding.direction.options.referrals.sub,,,src/scenes/OnboardingFlow.tsx,,constant
86,Goals,Practice Direction,,label,Build a referral-driven practice,draft,,https://www.figma.com/design/VCjqlGu9kQVy2i5nqDxKqa/Exploration-pt-II?node-id=524-3208,onboarding.direction.options.referral-practice.title,,,src/scenes/OnboardingFlow.tsx,,constant
87,Goals,Practice Direction,,label,"Less cold outreach, more warm pipeline",draft,,https://www.figma.com/design/VCjqlGu9kQVy2i5nqDxKqa/Exploration-pt-II?node-id=524-3208,onboarding.direction.options.referral-practice.sub,,,src/scenes/OnboardingFlow.tsx,,constant
88,Goals,Practice Direction,,label,Build toward a team-based model,draft,,https://www.figma.com/design/VCjqlGu9kQVy2i5nqDxKqa/Exploration-pt-II?node-id=524-3208,onboarding.direction.options.team.title,,,src/scenes/OnboardingFlow.tsx,,constant
89,Goals,Practice Direction,,label,"Teaming, staff, shared clients",draft,,https://www.figma.com/design/VCjqlGu9kQVy2i5nqDxKqa/Exploration-pt-II?node-id=524-3208,onboarding.direction.options.team.sub,,,src/scenes/OnboardingFlow.tsx,,constant
90,Goals,FYC Target,,headline,Let's set meaningful targets that work for you.,draft,,https://www.figma.com/design/VCjqlGu9kQVy2i5nqDxKqa/Exploration-pt-II?node-id=524-2266,onboarding.fyc-target.headline,,,src/scenes/OnboardingFlow.tsx,,inline
91,Goals,FYC Target,,body,"I recommend aiming for $42,000–$51,000 targets based on your past performance and current targets. You can adjust them at any time.",draft,,https://www.figma.com/design/VCjqlGu9kQVy2i5nqDxKqa/Exploration-pt-II?node-id=524-2266,onboarding.fyc-target.body,,,src/scenes/OnboardingFlow.tsx,,inline
92,Goals,FYC Target,,label,Set your FYC target for 2026,draft,,https://www.figma.com/design/VCjqlGu9kQVy2i5nqDxKqa/Exploration-pt-II?node-id=524-2266,onboarding.fyc-target.card-heading,,,src/scenes/OnboardingFlow.tsx,,inline
93,Goals,FYC Target,,label,Conservative,draft,,https://www.figma.com/design/VCjqlGu9kQVy2i5nqDxKqa/Exploration-pt-II?node-id=524-2266,onboarding.fyc-target.gauge-conservative,,,src/scenes/OnboardingFlow.tsx,,inline
94,Goals,FYC Target,,label,Stretch,draft,,https://www.figma.com/design/VCjqlGu9kQVy2i5nqDxKqa/Exploration-pt-II?node-id=524-2266,onboarding.fyc-target.gauge-stretch,,,src/scenes/OnboardingFlow.tsx,,inline
95,Goals,FYC Target,,body,A conservative goal that builds momentum.,draft,,https://www.figma.com/design/VCjqlGu9kQVy2i5nqDxKqa/Exploration-pt-II?node-id=524-2266,onboarding.fyc-target.feedback-conservative,,val < 35000,src/scenes/OnboardingFlow.tsx,,inline
96,Goals,FYC Target,,body,This is a comfortably ambitious goal based on your current trajectory.,draft,,https://www.figma.com/design/VCjqlGu9kQVy2i5nqDxKqa/Exploration-pt-II?node-id=524-2266,onboarding.fyc-target.feedback-ambitious,,35000 <= val <= 55000,src/scenes/OnboardingFlow.tsx,,inline
97,Goals,FYC Target,,body,"A stretch — possible, but it leaves no slack.",draft,,https://www.figma.com/design/VCjqlGu9kQVy2i5nqDxKqa/Exploration-pt-II?node-id=524-2266,onboarding.fyc-target.feedback-stretch,,val > 55000,src/scenes/OnboardingFlow.tsx,,inline
98,Goals,FYC Target,,cta,Save this goal,draft,,https://www.figma.com/design/VCjqlGu9kQVy2i5nqDxKqa/Exploration-pt-II?node-id=524-2266,onboarding.fyc-target.cta,,,src/scenes/OnboardingFlow.tsx,,inline
99,Goals,Activity Targets,,headline,What are your weekly activity targets?,draft,,https://www.figma.com/design/VCjqlGu9kQVy2i5nqDxKqa/Exploration-pt-II?node-id=524-3437,onboarding.activity-target.headline,,,src/scenes/OnboardingFlow.tsx,,inline
100,Goals,Activity Targets,,body,"These give your plan leading indicators, beyond outcomes tracking.",draft,,https://www.figma.com/design/VCjqlGu9kQVy2i5nqDxKqa/Exploration-pt-II?node-id=524-3437,onboarding.activity-target.sub,,,src/scenes/OnboardingFlow.tsx,,inline
101,Goals,Activity Targets,,body,I've suggested a comfortable starting point based on your historic performance and current goals.,draft,,https://www.figma.com/design/VCjqlGu9kQVy2i5nqDxKqa/Exploration-pt-II?node-id=524-3437,onboarding.activity-target.guidance,,,src/scenes/OnboardingFlow.tsx,,inline
102,Goals,Activity Targets,,label,New prospects to contact,draft,,https://www.figma.com/design/VCjqlGu9kQVy2i5nqDxKqa/Exploration-pt-II?node-id=524-3437,onboarding.activity-target.slider1-label,,,src/scenes/OnboardingFlow.tsx,,inline
103,Goals,Activity Targets,,label,Client appointments,draft,,https://www.figma.com/design/VCjqlGu9kQVy2i5nqDxKqa/Exploration-pt-II?node-id=524-3437,onboarding.activity-target.slider2-label,,,src/scenes/OnboardingFlow.tsx,,inline
104,Goals,Activity Targets,,label,Client reviews,draft,,https://www.figma.com/design/VCjqlGu9kQVy2i5nqDxKqa/Exploration-pt-II?node-id=524-3437,onboarding.activity-target.slider3-label,,,src/scenes/OnboardingFlow.tsx,,inline
105,Goals,Activity Targets,,cta,Next,draft,,https://www.figma.com/design/VCjqlGu9kQVy2i5nqDxKqa/Exploration-pt-II?node-id=524-3437,onboarding.activity-target.cta,,,src/scenes/OnboardingFlow.tsx,,inline
106,Goals,Life Outside Work,,headline,What are you looking forward to outside of work this year?,draft,,https://www.figma.com/design/VCjqlGu9kQVy2i5nqDxKqa/Exploration-pt-II?node-id=524-3648,onboarding.outside-work.headline,,,src/scenes/OnboardingFlow.tsx,,inline
107,Goals,Life Outside Work,,body,"Optional. This is what makes your morning briefing feel like it's on your side, not just your pipeline.",draft,,https://www.figma.com/design/VCjqlGu9kQVy2i5nqDxKqa/Exploration-pt-II?node-id=524-3648,onboarding.outside-work.sub,,,src/scenes/OnboardingFlow.tsx,,inline
108,Goals,Life Outside Work,,placeholder,Or describe in your own words…,draft,,https://www.figma.com/design/VCjqlGu9kQVy2i5nqDxKqa/Exploration-pt-II?node-id=524-3648,onboarding.outside-work.placeholder,,,src/scenes/OnboardingFlow.tsx,,inline
109,Goals,Life Outside Work,,tag,Time with family,draft,,https://www.figma.com/design/VCjqlGu9kQVy2i5nqDxKqa/Exploration-pt-II?node-id=524-3648,onboarding.outside-work.chips[0],,,src/scenes/OnboardingFlow.tsx,,constant
110,Goals,Life Outside Work,,tag,Travel,draft,,https://www.figma.com/design/VCjqlGu9kQVy2i5nqDxKqa/Exploration-pt-II?node-id=524-3648,onboarding.outside-work.chips[1],,,src/scenes/OnboardingFlow.tsx,,constant
111,Goals,Life Outside Work,,tag,A wellness and fitness goal,draft,,https://www.figma.com/design/VCjqlGu9kQVy2i5nqDxKqa/Exploration-pt-II?node-id=524-3648,onboarding.outside-work.chips[2],,,src/scenes/OnboardingFlow.tsx,,constant
112,Goals,Life Outside Work,,tag,A passion project,draft,,https://www.figma.com/design/VCjqlGu9kQVy2i5nqDxKqa/Exploration-pt-II?node-id=524-3648,onboarding.outside-work.chips[3],,,src/scenes/OnboardingFlow.tsx,,constant
113,Goals,Life Outside Work,,tag,Financial independence,draft,,https://www.figma.com/design/VCjqlGu9kQVy2i5nqDxKqa/Exploration-pt-II?node-id=524-3648,onboarding.outside-work.chips[4],,,src/scenes/OnboardingFlow.tsx,,constant
114,Goals,Life Outside Work,,tag,More free time,draft,,https://www.figma.com/design/VCjqlGu9kQVy2i5nqDxKqa/Exploration-pt-II?node-id=524-3648,onboarding.outside-work.chips[5],,,src/scenes/OnboardingFlow.tsx,,constant
115,Business,Business Introduction,,headline,We've talked about your goals; now let's talk about how you want to get there.,draft,,https://www.figma.com/design/VCjqlGu9kQVy2i5nqDxKqa/Exploration-pt-II?node-id=524-5692,onboarding.growth-intro.headline,,,src/scenes/OnboardingFlow.tsx,,inline
116,Business,Business Introduction,,body,"We'll synthesize everything — your goals, your book, your calendar — and put the most important things in front of you each day. These answers shape what that feels like.",draft,,https://www.figma.com/design/VCjqlGu9kQVy2i5nqDxKqa/Exploration-pt-II?node-id=524-5692,onboarding.growth-intro.body,,,src/scenes/OnboardingFlow.tsx,,inline
117,Business,Business Introduction,,cta,Let's do it,draft,,https://www.figma.com/design/VCjqlGu9kQVy2i5nqDxKqa/Exploration-pt-II?node-id=524-5692,onboarding.growth-intro.cta,,,src/scenes/OnboardingFlow.tsx,,inline
118,Business,Growth Areas,,headline,How do you want to grow this year?,draft,,https://www.figma.com/design/VCjqlGu9kQVy2i5nqDxKqa/Exploration-pt-II?node-id=524-5692,onboarding.progress-areas.headline,,,src/scenes/OnboardingFlow.tsx,,inline
119,Business,Growth Areas,,body,Choose up to 3 — I'll prioritize the work around these.,draft,,https://www.figma.com/design/VCjqlGu9kQVy2i5nqDxKqa/Exploration-pt-II?node-id=524-5692,onboarding.progress-areas.sub,,,src/scenes/OnboardingFlow.tsx,,inline
120,Business,Growth Areas,,label,Understanding my path to Eagle or IAR,draft,,https://www.figma.com/design/VCjqlGu9kQVy2i5nqDxKqa/Exploration-pt-II?node-id=524-5692,onboarding.progress-areas.options.eagle.title,,,src/scenes/OnboardingFlow.tsx,,constant
121,Business,Growth Areas,,label,"Licensing, sequencing, what's next",draft,,https://www.figma.com/design/VCjqlGu9kQVy2i5nqDxKqa/Exploration-pt-II?node-id=524-5692,onboarding.progress-areas.options.eagle.sub,,,src/scenes/OnboardingFlow.tsx,,constant
122,Business,Growth Areas,,label,Starting broader planning conversations,draft,,https://www.figma.com/design/VCjqlGu9kQVy2i5nqDxKqa/Exploration-pt-II?node-id=524-5692,onboarding.progress-areas.options.broader.title,,,src/scenes/OnboardingFlow.tsx,,constant
123,Business,Growth Areas,,label,Moving clients beyond protection,draft,,https://www.figma.com/design/VCjqlGu9kQVy2i5nqDxKqa/Exploration-pt-II?node-id=524-5692,onboarding.progress-areas.options.broader.sub,,,src/scenes/OnboardingFlow.tsx,,constant
124,Business,Growth Areas,,label,Generating qualified referrals consistently,draft,,https://www.figma.com/design/VCjqlGu9kQVy2i5nqDxKqa/Exploration-pt-II?node-id=524-5692,onboarding.progress-areas.options.referrals.title,,,src/scenes/OnboardingFlow.tsx,,constant
125,Business,Growth Areas,,label,Beyond my initial market,draft,,https://www.figma.com/design/VCjqlGu9kQVy2i5nqDxKqa/Exploration-pt-II?node-id=524-5692,onboarding.progress-areas.options.referrals.sub,,,src/scenes/OnboardingFlow.tsx,,constant
126,Business,Growth Areas,,label,Positioning NYL as a full partner,draft,,https://www.figma.com/design/VCjqlGu9kQVy2i5nqDxKqa/Exploration-pt-II?node-id=524-5692,onboarding.progress-areas.options.positioning.title,,,src/scenes/OnboardingFlow.tsx,,constant
127,Business,Growth Areas,,label,Not just life insurance,draft,,https://www.figma.com/design/VCjqlGu9kQVy2i5nqDxKqa/Exploration-pt-II?node-id=524-5692,onboarding.progress-areas.options.positioning.sub,,,src/scenes/OnboardingFlow.tsx,,constant
128,Business,Growth Areas,,label,Keeping pipeline moving despite service burden,draft,,https://www.figma.com/design/VCjqlGu9kQVy2i5nqDxKqa/Exploration-pt-II?node-id=524-5692,onboarding.progress-areas.options.pipeline.title,,,src/scenes/OnboardingFlow.tsx,,constant
129,Business,Growth Areas,,label,Finding time to prospect,draft,,https://www.figma.com/design/VCjqlGu9kQVy2i5nqDxKqa/Exploration-pt-II?node-id=524-5692,onboarding.progress-areas.options.pipeline.sub,,,src/scenes/OnboardingFlow.tsx,,constant
130,Business,Growth Areas,,label,Understanding how holistic activity pays me,draft,,https://www.figma.com/design/VCjqlGu9kQVy2i5nqDxKqa/Exploration-pt-II?node-id=524-5692,onboarding.progress-areas.options.holistic.title,,,src/scenes/OnboardingFlow.tsx,,constant
131,Business,Growth Areas,,label,"Council, Eagle, fee-based",draft,,https://www.figma.com/design/VCjqlGu9kQVy2i5nqDxKqa/Exploration-pt-II?node-id=524-5692,onboarding.progress-areas.options.holistic.sub,,,src/scenes/OnboardingFlow.tsx,,constant
132,Business,Time Drains,,headline,What's eating your week right now?,draft,,https://www.figma.com/design/VCjqlGu9kQVy2i5nqDxKqa/Exploration-pt-II?node-id=524-5907,onboarding.time-pulls.headline,,,src/scenes/OnboardingFlow.tsx,,inline
133,Business,Time Drains,,body,Choose up to 3 — I'll start by taking these off your plate.,draft,,https://www.figma.com/design/VCjqlGu9kQVy2i5nqDxKqa/Exploration-pt-II?node-id=524-5907,onboarding.time-pulls.sub,,,src/scenes/OnboardingFlow.tsx,,inline
134,Business,Time Drains,,label,Chasing case status and NIGO updates,draft,,https://www.figma.com/design/VCjqlGu9kQVy2i5nqDxKqa/Exploration-pt-II?node-id=524-5907,onboarding.time-pulls.options.nigo.title,,,src/scenes/OnboardingFlow.tsx,,constant
135,Business,Time Drains,,label,Delays that kill momentum,draft,,https://www.figma.com/design/VCjqlGu9kQVy2i5nqDxKqa/Exploration-pt-II?node-id=524-5907,onboarding.time-pulls.options.nigo.sub,,,src/scenes/OnboardingFlow.tsx,,constant
136,Business,Time Drains,,label,Client service issues pulling me away,draft,,https://www.figma.com/design/VCjqlGu9kQVy2i5nqDxKqa/Exploration-pt-II?node-id=524-5907,onboarding.time-pulls.options.service.title,,,src/scenes/OnboardingFlow.tsx,,constant
137,Business,Time Drains,,label,From prospecting and growth,draft,,https://www.figma.com/design/VCjqlGu9kQVy2i5nqDxKqa/Exploration-pt-II?node-id=524-5907,onboarding.time-pulls.options.service.sub,,,src/scenes/OnboardingFlow.tsx,,constant
138,Business,Time Drains,,label,"Finding the right system, form, or answer",draft,,https://www.figma.com/design/VCjqlGu9kQVy2i5nqDxKqa/Exploration-pt-II?node-id=524-5907,onboarding.time-pulls.options.systems.title,,,src/scenes/OnboardingFlow.tsx,,constant
139,Business,Time Drains,,label,Too much hunting,draft,,https://www.figma.com/design/VCjqlGu9kQVy2i5nqDxKqa/Exploration-pt-II?node-id=524-5907,onboarding.time-pulls.options.systems.sub,,,src/scenes/OnboardingFlow.tsx,,constant
140,Business,Time Drains,,label,Preparing for meetings across product lines,draft,,https://www.figma.com/design/VCjqlGu9kQVy2i5nqDxKqa/Exploration-pt-II?node-id=524-5907,onboarding.time-pulls.options.meeting-prep.title,,,src/scenes/OnboardingFlow.tsx,,constant
141,Business,Time Drains,,label,More complex than pure protection,draft,,https://www.figma.com/design/VCjqlGu9kQVy2i5nqDxKqa/Exploration-pt-II?node-id=524-5907,onboarding.time-pulls.options.meeting-prep.sub,,,src/scenes/OnboardingFlow.tsx,,constant
142,Business,Time Drains,,label,Admin after meetings,draft,,https://www.figma.com/design/VCjqlGu9kQVy2i5nqDxKqa/Exploration-pt-II?node-id=524-5907,onboarding.time-pulls.options.admin.title,,,src/scenes/OnboardingFlow.tsx,,constant
143,Business,Time Drains,,label,"Notes, next steps, follow-up emails",draft,,https://www.figma.com/design/VCjqlGu9kQVy2i5nqDxKqa/Exploration-pt-II?node-id=524-5907,onboarding.time-pulls.options.admin.sub,,,src/scenes/OnboardingFlow.tsx,,constant
144,Business,Time Drains,,label,Managing multi-product workflows,draft,,https://www.figma.com/design/VCjqlGu9kQVy2i5nqDxKqa/Exploration-pt-II?node-id=524-5907,onboarding.time-pulls.options.workflows.title,,,src/scenes/OnboardingFlow.tsx,,constant
145,Business,Time Drains,,label,Life + investments + planning,draft,,https://www.figma.com/design/VCjqlGu9kQVy2i5nqDxKqa/Exploration-pt-II?node-id=524-5907,onboarding.time-pulls.options.workflows.sub,,,src/scenes/OnboardingFlow.tsx,,constant
146,Clients,Clients Introduction,,headline,You've told us where you're headed. Now let's understand how you're spending your time with clients.,draft,,https://www.figma.com/design/VCjqlGu9kQVy2i5nqDxKqa/Exploration-pt-II?node-id=524-6368,onboarding.clients-intro.headline,,,src/scenes/OnboardingFlow.tsx,,inline
147,Clients,Clients Introduction,,body,"This is about how you engage clients, where you want support, and what earns your attention. I'll use those signals to surface the right opportunities, conversations, and next steps at the right time.",draft,,https://www.figma.com/design/VCjqlGu9kQVy2i5nqDxKqa/Exploration-pt-II?node-id=524-6368,onboarding.clients-intro.body,,,src/scenes/OnboardingFlow.tsx,,inline
148,Clients,Clients Introduction,,cta,Let's do it,draft,,https://www.figma.com/design/VCjqlGu9kQVy2i5nqDxKqa/Exploration-pt-II?node-id=524-6368,onboarding.clients-intro.cta,,,src/scenes/OnboardingFlow.tsx,,inline
149,Clients,Client Signals,,headline,Which client signals matter most to you?,draft,,https://www.figma.com/design/VCjqlGu9kQVy2i5nqDxKqa/Exploration-pt-II?node-id=524-6368,onboarding.client-signals.headline,,,src/scenes/OnboardingFlow.tsx,,inline
150,Clients,Client Signals,,body,Select all that apply. I'll prioritize your alerts in this order.,draft,,https://www.figma.com/design/VCjqlGu9kQVy2i5nqDxKqa/Exploration-pt-II?node-id=524-6368,onboarding.client-signals.sub,,,src/scenes/OnboardingFlow.tsx,,inline
151,Clients,Client Signals,,label,Life events worth a planning conversation,draft,,https://www.figma.com/design/VCjqlGu9kQVy2i5nqDxKqa/Exploration-pt-II?node-id=524-6368,onboarding.client-signals.options.life.title,,,src/scenes/OnboardingFlow.tsx,,constant
152,Clients,Client Signals,,label,The right moment to go deeper,draft,,https://www.figma.com/design/VCjqlGu9kQVy2i5nqDxKqa/Exploration-pt-II?node-id=524-6368,onboarding.client-signals.options.life.sub,,,src/scenes/OnboardingFlow.tsx,,constant
153,Clients,Client Signals,,label,Lapse & retention risks,draft,,https://www.figma.com/design/VCjqlGu9kQVy2i5nqDxKqa/Exploration-pt-II?node-id=524-6368,onboarding.client-signals.options.lapse.title,,,src/scenes/OnboardingFlow.tsx,,constant
154,Clients,Client Signals,,label,Clients at risk before they act,draft,,https://www.figma.com/design/VCjqlGu9kQVy2i5nqDxKqa/Exploration-pt-II?node-id=524-6368,onboarding.client-signals.options.lapse.sub,,,src/scenes/OnboardingFlow.tsx,,constant
155,Clients,Client Signals,,label,Holistic expansion signals,draft,,https://www.figma.com/design/VCjqlGu9kQVy2i5nqDxKqa/Exploration-pt-II?node-id=524-6368,onboarding.client-signals.options.expansion.title,,,src/scenes/OnboardingFlow.tsx,,constant
156,Clients,Client Signals,,label,Clients ready for more than protection,draft,,https://www.figma.com/design/VCjqlGu9kQVy2i5nqDxKqa/Exploration-pt-II?node-id=524-6368,onboarding.client-signals.options.expansion.sub,,,src/scenes/OnboardingFlow.tsx,,constant
157,Clients,Client Signals,,label,Policy & plan milestones,draft,,https://www.figma.com/design/VCjqlGu9kQVy2i5nqDxKqa/Exploration-pt-II?node-id=524-6368,onboarding.client-signals.options.milestones.title,,,src/scenes/OnboardingFlow.tsx,,constant
158,Clients,Client Signals,,label,"Anniversaries, conversion windows, RMDs",draft,,https://www.figma.com/design/VCjqlGu9kQVy2i5nqDxKqa/Exploration-pt-II?node-id=524-6368,onboarding.client-signals.options.milestones.sub,,,src/scenes/OnboardingFlow.tsx,,constant
159,Clients,Client Signals,,label,Referral network signals,draft,,https://www.figma.com/design/VCjqlGu9kQVy2i5nqDxKqa/Exploration-pt-II?node-id=524-6368,onboarding.client-signals.options.referral.title,,,src/scenes/OnboardingFlow.tsx,,constant
160,Clients,Client Signals,,label,Household connections worth exploring,draft,,https://www.figma.com/design/VCjqlGu9kQVy2i5nqDxKqa/Exploration-pt-II?node-id=524-6368,onboarding.client-signals.options.referral.sub,,,src/scenes/OnboardingFlow.tsx,,constant
161,Clients,Client Conversations,,headline,Which client conversations do you want more support with?,draft,,https://www.figma.com/design/VCjqlGu9kQVy2i5nqDxKqa/Exploration-pt-II?node-id=524-6368,onboarding.client-conversations.headline,,,src/scenes/OnboardingFlow.tsx,,inline
162,Clients,Client Conversations,,body,Select up to three areas where pre-meeting prep would help the most.,draft,,https://www.figma.com/design/VCjqlGu9kQVy2i5nqDxKqa/Exploration-pt-II?node-id=524-6368,onboarding.client-conversations.sub,,,src/scenes/OnboardingFlow.tsx,,inline
163,Clients,Client Conversations,,label,Protection & life insurance,draft,,https://www.figma.com/design/VCjqlGu9kQVy2i5nqDxKqa/Exploration-pt-II?node-id=524-6368,onboarding.client-conversations.options.protection.title,,,src/scenes/OnboardingFlow.tsx,,constant
164,Clients,Client Conversations,,label,Retirement income,draft,,https://www.figma.com/design/VCjqlGu9kQVy2i5nqDxKqa/Exploration-pt-II?node-id=524-6368,onboarding.client-conversations.options.retirement.title,,,src/scenes/OnboardingFlow.tsx,,constant
165,Clients,Client Conversations,,label,Investment planning,draft,,https://www.figma.com/design/VCjqlGu9kQVy2i5nqDxKqa/Exploration-pt-II?node-id=524-6368,onboarding.client-conversations.options.investment.title,,,src/scenes/OnboardingFlow.tsx,,constant
166,Clients,Client Conversations,,label,Estate and legacy,draft,,https://www.figma.com/design/VCjqlGu9kQVy2i5nqDxKqa/Exploration-pt-II?node-id=524-6368,onboarding.client-conversations.options.estate.title,,,src/scenes/OnboardingFlow.tsx,,constant
167,Clients,Client Conversations,,label,Business owner solutions,draft,,https://www.figma.com/design/VCjqlGu9kQVy2i5nqDxKqa/Exploration-pt-II?node-id=524-6368,onboarding.client-conversations.options.business.title,,,src/scenes/OnboardingFlow.tsx,,constant
168,Clients,Client Conversations,,label,LTC & benefits,draft,,https://www.figma.com/design/VCjqlGu9kQVy2i5nqDxKqa/Exploration-pt-II?node-id=524-6368,onboarding.client-conversations.options.ltc.title,,,src/scenes/OnboardingFlow.tsx,,constant
169,Clients,Staying Connected,,headline,How do you currently stay connected with clients and prospects between meetings?,draft,,https://www.figma.com/design/VCjqlGu9kQVy2i5nqDxKqa/Exploration-pt-II?node-id=524-6621,onboarding.stay-in-front.headline,,,src/scenes/OnboardingFlow.tsx,,inline
170,Clients,Staying Connected,,body,Select up to three methods you use the most today.,draft,,https://www.figma.com/design/VCjqlGu9kQVy2i5nqDxKqa/Exploration-pt-II?node-id=524-6621,onboarding.stay-in-front.sub,,,src/scenes/OnboardingFlow.tsx,,inline
171,Plan,Your Plan,,headline,Here's how your goals become a plan.,draft,,https://www.figma.com/design/VCjqlGu9kQVy2i5nqDxKqa/Exploration-pt-II?node-id=524-9889,onboarding.plan.headline,,,src/scenes/OnboardingFlow.tsx,,inline
172,Plan,Your Plan,,body,You set a goal of {fyc}. Let's do the math to figure out a weekly cadence of how many cases and appointments you need to take to get you there.,draft,,https://www.figma.com/design/VCjqlGu9kQVy2i5nqDxKqa/Exploration-pt-II?node-id=524-9889,onboarding.plan.body,fyc,,src/scenes/OnboardingFlow.tsx,,inline
173,Plan,Your Plan,,cta,Build my plan,draft,,https://www.figma.com/design/VCjqlGu9kQVy2i5nqDxKqa/Exploration-pt-II?node-id=524-9889,onboarding.plan.cta,,,src/scenes/OnboardingFlow.tsx,,inline
174,Plan,Processing Animation,,loading,Processing your inputs,draft,,https://www.figma.com/design/VCjqlGu9kQVy2i5nqDxKqa/Exploration-pt-II?node-id=524-9889,onboarding.processing[0],,,src/scenes/OnboardingFlow.tsx,,constant
175,Plan,Processing Animation,,loading,Personalizing,draft,,https://www.figma.com/design/VCjqlGu9kQVy2i5nqDxKqa/Exploration-pt-II?node-id=524-9889,onboarding.processing[1],,,src/scenes/OnboardingFlow.tsx,,constant
176,Plan,Processing Animation,,loading,Calibrating,draft,,https://www.figma.com/design/VCjqlGu9kQVy2i5nqDxKqa/Exploration-pt-II?node-id=524-9889,onboarding.processing[2],,,src/scenes/OnboardingFlow.tsx,,constant
177,Plan,Processing Animation,,loading,Refining your plan,draft,,https://www.figma.com/design/VCjqlGu9kQVy2i5nqDxKqa/Exploration-pt-II?node-id=524-9889,onboarding.processing[3],,,src/scenes/OnboardingFlow.tsx,,constant
178,Plan,Processing Animation,,loading,Mapping your goals,draft,,https://www.figma.com/design/VCjqlGu9kQVy2i5nqDxKqa/Exploration-pt-II?node-id=524-9889,onboarding.processing[4],,,src/scenes/OnboardingFlow.tsx,,constant
179,Plan,Processing Animation,,loading,Almost there,draft,,https://www.figma.com/design/VCjqlGu9kQVy2i5nqDxKqa/Exploration-pt-II?node-id=524-9889,onboarding.processing[5],,,src/scenes/OnboardingFlow.tsx,,constant
180,Plan,Plan Sidebar,,label,Building your plan,draft,,https://www.figma.com/design/VCjqlGu9kQVy2i5nqDxKqa/Exploration-pt-II?node-id=524-5692,onboarding.plan-rail.heading,,,src/scenes/OnboardingFlow.tsx,,inline
181,Plan,Plan Sidebar,,label,Long-term goals,draft,,https://www.figma.com/design/VCjqlGu9kQVy2i5nqDxKqa/Exploration-pt-II?node-id=524-5692,onboarding.plan-rail.section1,,,src/scenes/OnboardingFlow.tsx,,inline
182,Plan,Plan Sidebar,,label,Your business,draft,,https://www.figma.com/design/VCjqlGu9kQVy2i5nqDxKqa/Exploration-pt-II?node-id=524-5692,onboarding.plan-rail.section2,,,src/scenes/OnboardingFlow.tsx,,inline
183,Plan,Plan Sidebar,,label,Your clients,draft,,https://www.figma.com/design/VCjqlGu9kQVy2i5nqDxKqa/Exploration-pt-II?node-id=524-5692,onboarding.plan-rail.section3,,,src/scenes/OnboardingFlow.tsx,,inline
184,Plan,Plan Sidebar,,loading,Calibrating…,draft,,https://www.figma.com/design/VCjqlGu9kQVy2i5nqDxKqa/Exploration-pt-II?node-id=524-5692,onboarding.plan-rail.calibrating,,,src/scenes/OnboardingFlow.tsx,,inline
185,Navigation,Navigation Rail,,label,My plan,draft,,https://www.figma.com/design/VCjqlGu9kQVy2i5nqDxKqa/Exploration-pt-II?node-id=524-2023,briefing.horizons.plan,,,src/scenes/BriefingV55Scene.tsx,,constant
186,Navigation,Navigation Rail,,label,Day,draft,,https://www.figma.com/design/VCjqlGu9kQVy2i5nqDxKqa/Exploration-pt-II?node-id=524-2023,briefing.horizons.day,,,src/scenes/BriefingV55Scene.tsx,,constant
187,Navigation,Navigation Rail,,label,Week,draft,,https://www.figma.com/design/VCjqlGu9kQVy2i5nqDxKqa/Exploration-pt-II?node-id=524-2023,briefing.horizons.week,,,src/scenes/BriefingV55Scene.tsx,,constant
188,Navigation,Navigation Rail,,label,Month,draft,,https://www.figma.com/design/VCjqlGu9kQVy2i5nqDxKqa/Exploration-pt-II?node-id=524-2023,briefing.horizons.month,,,src/scenes/BriefingV55Scene.tsx,,constant
189,Navigation,Navigation Rail,,label,Year,draft,,https://www.figma.com/design/VCjqlGu9kQVy2i5nqDxKqa/Exploration-pt-II?node-id=524-2023,briefing.horizons.year,,,src/scenes/BriefingV55Scene.tsx,,constant
190,Briefing,Hero Section,,eyebrow,Today's top priorities,draft,,https://www.figma.com/design/VCjqlGu9kQVy2i5nqDxKqa/Exploration-pt-II?node-id=895-3701,briefing.hero.day.eyebrow,,,src/scenes/BriefingV55Scene.tsx,,constant
191,Briefing,Hero Section,,headline,A couple of quick actions that will set you up for the week.,draft,,https://www.figma.com/design/VCjqlGu9kQVy2i5nqDxKqa/Exploration-pt-II?node-id=895-3701,briefing.hero.day.headline,,,src/scenes/BriefingV55Scene.tsx,,constant
192,Briefing,Hero Section,,eyebrow,Your 2026 trajectory,draft,,https://www.figma.com/design/VCjqlGu9kQVy2i5nqDxKqa/Exploration-pt-II?node-id=895-3701,briefing.hero.plan.eyebrow,,,src/scenes/BriefingV55Scene.tsx,,constant
193,Briefing,Hero Section,,headline,You're hitting your Executive Council pace — let's make sure it holds.,draft,,https://www.figma.com/design/VCjqlGu9kQVy2i5nqDxKqa/Exploration-pt-II?node-id=895-3701,briefing.hero.plan.headline,,,src/scenes/BriefingV55Scene.tsx,,constant
194,Briefing,Featured Priority Card,,eyebrow,Needs attention before 10AM,draft,,https://www.figma.com/design/VCjqlGu9kQVy2i5nqDxKqa/Exploration-pt-II?node-id=895-3701,briefing.featured.eyebrow,,,src/scenes/BriefingV55Scene.tsx,,constant
195,Briefing,Featured Priority Card,,cta,Draft a message,draft,,https://www.figma.com/design/VCjqlGu9kQVy2i5nqDxKqa/Exploration-pt-II?node-id=895-3701,briefing.featured.cta,,,src/scenes/BriefingV55Scene.tsx,,constant
196,Navigation,Navigation Rail,,label,My book,draft,,https://www.figma.com/design/VCjqlGu9kQVy2i5nqDxKqa/Exploration-pt-II?node-id=524-2023,actionboard.tabs.mybook,,,src/scenes/ActionBoardScene.tsx,,constant
197,Navigation,Navigation Rail,,label,Priorities,draft,,https://www.figma.com/design/VCjqlGu9kQVy2i5nqDxKqa/Exploration-pt-II?node-id=524-2023,actionboard.tabs.priorities,,,src/scenes/ActionBoardScene.tsx,,constant
198,Navigation,Navigation Rail,,label,Cross-sell,draft,,https://www.figma.com/design/VCjqlGu9kQVy2i5nqDxKqa/Exploration-pt-II?node-id=524-2023,actionboard.tabs.crosssell,,,src/scenes/ActionBoardScene.tsx,,constant
199,Navigation,Navigation Rail,,label,Retention,draft,,https://www.figma.com/design/VCjqlGu9kQVy2i5nqDxKqa/Exploration-pt-II?node-id=524-2023,actionboard.tabs.retention,,,src/scenes/ActionBoardScene.tsx,,constant
200,Navigation,Navigation Rail,,label,Reactivation,draft,,https://www.figma.com/design/VCjqlGu9kQVy2i5nqDxKqa/Exploration-pt-II?node-id=524-2023,actionboard.tabs.reactivation,,,src/scenes/ActionBoardScene.tsx,,constant
201,Navigation,Navigation Rail,,label,Referral,draft,,https://www.figma.com/design/VCjqlGu9kQVy2i5nqDxKqa/Exploration-pt-II?node-id=524-2023,actionboard.tabs.referral,,,src/scenes/ActionBoardScene.tsx,,constant
202,Briefing,Hero Section,,headline,"Protect, expand, and prepare: Three opportunities stand out today.",draft,,https://www.figma.com/design/VCjqlGu9kQVy2i5nqDxKqa/Exploration-pt-II?node-id=895-3701,actionboard.hero.crosssell.headline,,,src/scenes/ActionBoardScene.tsx,,constant
203,Action Board,Opportunity Card,,headline,Janet Henderson has recently had a change of address to a high flood-risk coastal location.,draft,,https://www.figma.com/design/VCjqlGu9kQVy2i5nqDxKqa/Exploration-pt-II?node-id=895-3701,actionboard.opportunity.henderson.headline,,,src/scenes/ActionBoardScene.tsx,,constant
204,Action Board,Opportunity Card,,headline,Helena Garcia is approaching her retirement income planning window.,draft,,https://www.figma.com/design/VCjqlGu9kQVy2i5nqDxKqa/Exploration-pt-II?node-id=895-3701,actionboard.opportunity.garcia.headline,,,src/scenes/ActionBoardScene.tsx,,constant
205,Introduction,Meet Nyla,cs-leading,headline,How would your best long-term clients describe what makes you different from other advisors they've worked with?,draft,,https://www.figma.com/design/VCjqlGu9kQVy2i5nqDxKqa/Exploration-pt-II?node-id=524-2023,segment.cs-leading.intro.coachIdentityPrompt,,,src/data/advisorSegments.ts,,data-file
206,Introduction,Meet Nyla,cs-leading,placeholder,"e.g., Warm and direct. They know I'm being straight with them, not selling.",draft,,https://www.figma.com/design/VCjqlGu9kQVy2i5nqDxKqa/Exploration-pt-II?node-id=524-2023,segment.cs-leading.intro.coachIdentityPlaceholder,,,src/data/advisorSegments.ts,,data-file
207,Introduction,Meet Nyla,cs-leading,label,Would you like the OS to flag when your activity pace changes — so you can get ahead of it before it affects your numbers?,draft,,https://www.figma.com/design/VCjqlGu9kQVy2i5nqDxKqa/Exploration-pt-II?node-id=524-2023,segment.cs-leading.intro.coachConsentLabel,,,src/data/advisorSegments.ts,,data-file
208,Introduction,Meet Nyla,cs-leading,placeholder,"e.g., Warm, direct. They know I'm being straight with them, not selling.",draft,,https://www.figma.com/design/VCjqlGu9kQVy2i5nqDxKqa/Exploration-pt-II?node-id=524-2023,segment.cs-leading.intro.brandVoicePlaceholder,,,src/data/advisorSegments.ts,,data-file
209,Introduction,Meet Nyla,cs-leading,placeholder,"e.g., Building a practice that doesn't depend on me being in every room.",draft,,https://www.figma.com/design/VCjqlGu9kQVy2i5nqDxKqa/Exploration-pt-II?node-id=524-2023,segment.cs-leading.intro.chiefBigGoalPlaceholder,,,src/data/advisorSegments.ts,,data-file
210,Business,Growth Areas,cs-leading,label,Scaling without adding complexity,draft,,https://www.figma.com/design/VCjqlGu9kQVy2i5nqDxKqa/Exploration-pt-II?node-id=524-5692,segment.cs-leading.growthAreas.scale.label,,,src/data/advisorSegments.ts,,data-file
211,Business,Growth Areas,cs-leading,label,Doing more with what I have,draft,,https://www.figma.com/design/VCjqlGu9kQVy2i5nqDxKqa/Exploration-pt-II?node-id=524-5692,segment.cs-leading.growthAreas.scale.sub,,,src/data/advisorSegments.ts,,data-file
212,Business,Growth Areas,cs-leading,label,Deepening into planning conversations,draft,,https://www.figma.com/design/VCjqlGu9kQVy2i5nqDxKqa/Exploration-pt-II?node-id=524-5692,segment.cs-leading.growthAreas.holistic.label,,,src/data/advisorSegments.ts,,data-file
213,Business,Growth Areas,cs-leading,label,Beyond protection,draft,,https://www.figma.com/design/VCjqlGu9kQVy2i5nqDxKqa/Exploration-pt-II?node-id=524-5692,segment.cs-leading.growthAreas.holistic.sub,,,src/data/advisorSegments.ts,,data-file
214,Business,Growth Areas,cs-leading,label,Building or developing my team,draft,,https://www.figma.com/design/VCjqlGu9kQVy2i5nqDxKqa/Exploration-pt-II?node-id=524-5692,segment.cs-leading.growthAreas.team.label,,,src/data/advisorSegments.ts,,data-file
215,Business,Growth Areas,cs-leading,label,"Succession, teaming, staff",draft,,https://www.figma.com/design/VCjqlGu9kQVy2i5nqDxKqa/Exploration-pt-II?node-id=524-5692,segment.cs-leading.growthAreas.team.sub,,,src/data/advisorSegments.ts,,data-file
216,Business,Growth Areas,cs-leading,label,Building a stronger digital presence,draft,,https://www.figma.com/design/VCjqlGu9kQVy2i5nqDxKqa/Exploration-pt-II?node-id=524-5692,segment.cs-leading.growthAreas.digital.label,,,src/data/advisorSegments.ts,,data-file
217,Business,Growth Areas,cs-leading,label,"Brand, referrals, LinkedIn",draft,,https://www.figma.com/design/VCjqlGu9kQVy2i5nqDxKqa/Exploration-pt-II?node-id=524-5692,segment.cs-leading.growthAreas.digital.sub,,,src/data/advisorSegments.ts,,data-file
218,Business,Growth Areas,cs-leading,label,Holding onto clients at key transitions,draft,,https://www.figma.com/design/VCjqlGu9kQVy2i5nqDxKqa/Exploration-pt-II?node-id=524-5692,segment.cs-leading.growthAreas.retention.label,,,src/data/advisorSegments.ts,,data-file
219,Business,Growth Areas,cs-leading,label,"Policy changes, rate shopping",draft,,https://www.figma.com/design/VCjqlGu9kQVy2i5nqDxKqa/Exploration-pt-II?node-id=524-5692,segment.cs-leading.growthAreas.retention.sub,,,src/data/advisorSegments.ts,,data-file
220,Business,Growth Areas,cs-leading,label,Handling more complex cases,draft,,https://www.figma.com/design/VCjqlGu9kQVy2i5nqDxKqa/Exploration-pt-II?node-id=524-5692,segment.cs-leading.growthAreas.complex.label,,,src/data/advisorSegments.ts,,data-file
221,Business,Growth Areas,cs-leading,label,"Advanced UW, appeals, ratings",draft,,https://www.figma.com/design/VCjqlGu9kQVy2i5nqDxKqa/Exploration-pt-II?node-id=524-5692,segment.cs-leading.growthAreas.complex.sub,,,src/data/advisorSegments.ts,,data-file
222,Clients,Client Signals,cs-leading,label,Clients at risk of lapsing or churning,draft,,https://www.figma.com/design/VCjqlGu9kQVy2i5nqDxKqa/Exploration-pt-II?node-id=524-6368,segment.cs-leading.analystMorning.atrisk.label,,,src/data/advisorSegments.ts,,data-file
223,Clients,Client Signals,cs-leading,label,Before they act,draft,,https://www.figma.com/design/VCjqlGu9kQVy2i5nqDxKqa/Exploration-pt-II?node-id=524-6368,segment.cs-leading.analystMorning.atrisk.sub,,,src/data/advisorSegments.ts,,data-file
224,Clients,Client Signals,cs-leading,label,Clients with a life event or signal,draft,,https://www.figma.com/design/VCjqlGu9kQVy2i5nqDxKqa/Exploration-pt-II?node-id=524-6368,segment.cs-leading.analystMorning.lifeevent.label,,,src/data/advisorSegments.ts,,data-file
225,Clients,Client Signals,cs-leading,label,Worth a personal call,draft,,https://www.figma.com/design/VCjqlGu9kQVy2i5nqDxKqa/Exploration-pt-II?node-id=524-6368,segment.cs-leading.analystMorning.lifeevent.sub,,,src/data/advisorSegments.ts,,data-file
226,Clients,Client Signals,cs-leading,label,Cross-sell and deepening opportunities,draft,,https://www.figma.com/design/VCjqlGu9kQVy2i5nqDxKqa/Exploration-pt-II?node-id=524-6368,segment.cs-leading.analystMorning.crosssell.label,,,src/data/advisorSegments.ts,,data-file
227,Clients,Client Signals,cs-leading,label,In my existing book,draft,,https://www.figma.com/design/VCjqlGu9kQVy2i5nqDxKqa/Exploration-pt-II?node-id=524-6368,segment.cs-leading.analystMorning.crosssell.sub,,,src/data/advisorSegments.ts,,data-file
228,Clients,Client Signals,cs-leading,label,Pipeline items that need attention,draft,,https://www.figma.com/design/VCjqlGu9kQVy2i5nqDxKqa/Exploration-pt-II?node-id=524-6368,segment.cs-leading.analystMorning.pipeline.label,,,src/data/advisorSegments.ts,,data-file
229,Clients,Client Signals,cs-leading,label,"Cases, follow-ups, open items",draft,,https://www.figma.com/design/VCjqlGu9kQVy2i5nqDxKqa/Exploration-pt-II?node-id=524-6368,segment.cs-leading.analystMorning.pipeline.sub,,,src/data/advisorSegments.ts,,data-file
230,Clients,Client Signals,cs-leading,label,Where I am vs. my council goal,draft,,https://www.figma.com/design/VCjqlGu9kQVy2i5nqDxKqa/Exploration-pt-II?node-id=524-6368,segment.cs-leading.analystMorning.council.label,,,src/data/advisorSegments.ts,,data-file
231,Clients,Client Signals,cs-leading,label,Pacing and gap,draft,,https://www.figma.com/design/VCjqlGu9kQVy2i5nqDxKqa/Exploration-pt-II?node-id=524-6368,segment.cs-leading.analystMorning.council.sub,,,src/data/advisorSegments.ts,,data-file
232,Clients,Client Signals,cs-leading,label,Lapse & at-risk alerts,draft,,https://www.figma.com/design/VCjqlGu9kQVy2i5nqDxKqa/Exploration-pt-II?node-id=524-6368,segment.cs-leading.analystSignals.lapse.label,,,src/data/advisorSegments.ts,,data-file
233,Clients,Client Signals,cs-leading,label,Before the client calls to cancel,draft,,https://www.figma.com/design/VCjqlGu9kQVy2i5nqDxKqa/Exploration-pt-II?node-id=524-6368,segment.cs-leading.analystSignals.lapse.sub,,,src/data/advisorSegments.ts,,data-file
234,Clients,Client Signals,cs-leading,label,"Life events (marriage, kids, job, home)",draft,,https://www.figma.com/design/VCjqlGu9kQVy2i5nqDxKqa/Exploration-pt-II?node-id=524-6368,segment.cs-leading.analystSignals.lifeevent.label,,,src/data/advisorSegments.ts,,data-file
235,Clients,Client Signals,cs-leading,label,Moments to reach out,draft,,https://www.figma.com/design/VCjqlGu9kQVy2i5nqDxKqa/Exploration-pt-II?node-id=524-6368,segment.cs-leading.analystSignals.lifeevent.sub,,,src/data/advisorSegments.ts,,data-file
236,Clients,Client Signals,cs-leading,label,Policy milestones & anniversaries,draft,,https://www.figma.com/design/VCjqlGu9kQVy2i5nqDxKqa/Exploration-pt-II?node-id=524-6368,segment.cs-leading.analystSignals.milestone.label,,,src/data/advisorSegments.ts,,data-file
237,Clients,Client Signals,cs-leading,label,"Cash value, conversion windows",draft,,https://www.figma.com/design/VCjqlGu9kQVy2i5nqDxKqa/Exploration-pt-II?node-id=524-6368,segment.cs-leading.analystSignals.milestone.sub,,,src/data/advisorSegments.ts,,data-file
238,Clients,Client Signals,cs-leading,label,Cross-sell gaps in my book,draft,,https://www.figma.com/design/VCjqlGu9kQVy2i5nqDxKqa/Exploration-pt-II?node-id=524-6368,segment.cs-leading.analystSignals.crosssell.label,,,src/data/advisorSegments.ts,,data-file
239,Clients,Client Signals,cs-leading,label,Coverage they don't have yet,draft,,https://www.figma.com/design/VCjqlGu9kQVy2i5nqDxKqa/Exploration-pt-II?node-id=524-6368,segment.cs-leading.analystSignals.crosssell.sub,,,src/data/advisorSegments.ts,,data-file
240,Clients,Client Signals,cs-leading,label,Market changes affecting client portfolios,draft,,https://www.figma.com/design/VCjqlGu9kQVy2i5nqDxKqa/Exploration-pt-II?node-id=524-6368,segment.cs-leading.analystSignals.market.label,,,src/data/advisorSegments.ts,,data-file
241,Clients,Client Signals,cs-leading,label,"Rate changes, product updates",draft,,https://www.figma.com/design/VCjqlGu9kQVy2i5nqDxKqa/Exploration-pt-II?node-id=524-6368,segment.cs-leading.analystSignals.market.sub,,,src/data/advisorSegments.ts,,data-file
242,Goals,Practice Direction,cs-leading,label,Go deeper into protection,draft,,https://www.figma.com/design/VCjqlGu9kQVy2i5nqDxKqa/Exploration-pt-II?node-id=524-3208,segment.cs-leading.strategistDirections.deepen.label,,,src/data/advisorSegments.ts,,data-file
243,Goals,Practice Direction,cs-leading,label,Build on what's working,draft,,https://www.figma.com/design/VCjqlGu9kQVy2i5nqDxKqa/Exploration-pt-II?node-id=524-3208,segment.cs-leading.strategistDirections.deepen.sub,,,src/data/advisorSegments.ts,,data-file
244,Goals,Practice Direction,cs-leading,label,Expand into planning and holistic advice,draft,,https://www.figma.com/design/VCjqlGu9kQVy2i5nqDxKqa/Exploration-pt-II?node-id=524-3208,segment.cs-leading.strategistDirections.holistic.label,,,src/data/advisorSegments.ts,,data-file
245,Goals,Practice Direction,cs-leading,label,Move clients beyond protection,draft,,https://www.figma.com/design/VCjqlGu9kQVy2i5nqDxKqa/Exploration-pt-II?node-id=524-3208,segment.cs-leading.strategistDirections.holistic.sub,,,src/data/advisorSegments.ts,,data-file
246,Goals,Practice Direction,cs-leading,label,Scale with a team or develop a successor,draft,,https://www.figma.com/design/VCjqlGu9kQVy2i5nqDxKqa/Exploration-pt-II?node-id=524-3208,segment.cs-leading.strategistDirections.team.label,,,src/data/advisorSegments.ts,,data-file
247,Goals,Practice Direction,cs-leading,label,Build something that outlasts me,draft,,https://www.figma.com/design/VCjqlGu9kQVy2i5nqDxKqa/Exploration-pt-II?node-id=524-3208,segment.cs-leading.strategistDirections.team.sub,,,src/data/advisorSegments.ts,,data-file
248,Goals,Practice Direction,cs-leading,label,Grow my Eagle and investment advisory book,draft,,https://www.figma.com/design/VCjqlGu9kQVy2i5nqDxKqa/Exploration-pt-II?node-id=524-3208,segment.cs-leading.strategistDirections.eagle.label,,,src/data/advisorSegments.ts,,data-file
249,Goals,Practice Direction,cs-leading,label,"AUM, fee-based, wealth management",draft,,https://www.figma.com/design/VCjqlGu9kQVy2i5nqDxKqa/Exploration-pt-II?node-id=524-3208,segment.cs-leading.strategistDirections.eagle.sub,,,src/data/advisorSegments.ts,,data-file
250,Goals,Practice Direction,cs-leading,label,Stabilize and serve what I have,draft,,https://www.figma.com/design/VCjqlGu9kQVy2i5nqDxKqa/Exploration-pt-II?node-id=524-3208,segment.cs-leading.strategistDirections.stabilize.label,,,src/data/advisorSegments.ts,,data-file
251,Goals,Practice Direction,cs-leading,label,Quality over growth right now,draft,,https://www.figma.com/design/VCjqlGu9kQVy2i5nqDxKqa/Exploration-pt-II?node-id=524-3208,segment.cs-leading.strategistDirections.stabilize.sub,,,src/data/advisorSegments.ts,,data-file
252,Business,Time Drains,cs-leading,label,Client service requests & follow-ups,draft,,https://www.figma.com/design/VCjqlGu9kQVy2i5nqDxKqa/Exploration-pt-II?node-id=524-5907,segment.cs-leading.conciergeSlows.service.label,,,src/data/advisorSegments.ts,,data-file
253,Business,Time Drains,cs-leading,label,Too many inbound requests,draft,,https://www.figma.com/design/VCjqlGu9kQVy2i5nqDxKqa/Exploration-pt-II?node-id=524-5907,segment.cs-leading.conciergeSlows.service.sub,,,src/data/advisorSegments.ts,,data-file
254,Business,Time Drains,cs-leading,label,Tracking cases through underwriting,draft,,https://www.figma.com/design/VCjqlGu9kQVy2i5nqDxKqa/Exploration-pt-II?node-id=524-5907,segment.cs-leading.conciergeSlows.casetrack.label,,,src/data/advisorSegments.ts,,data-file
255,Business,Time Drains,cs-leading,label,Chasing status and NIGOs,draft,,https://www.figma.com/design/VCjqlGu9kQVy2i5nqDxKqa/Exploration-pt-II?node-id=524-5907,segment.cs-leading.conciergeSlows.casetrack.sub,,,src/data/advisorSegments.ts,,data-file
256,Business,Time Drains,cs-leading,label,Meeting prep for a large client book,draft,,https://www.figma.com/design/VCjqlGu9kQVy2i5nqDxKqa/Exploration-pt-II?node-id=524-5907,segment.cs-leading.conciergeSlows.meetingprep.label,,,src/data/advisorSegments.ts,,data-file
257,Business,Time Drains,cs-leading,label,633 clients to stay ahead of,draft,,https://www.figma.com/design/VCjqlGu9kQVy2i5nqDxKqa/Exploration-pt-II?node-id=524-5907,segment.cs-leading.conciergeSlows.meetingprep.sub,,,src/data/advisorSegments.ts,,data-file
258,Business,Time Drains,cs-leading,label,Coordinating work across my staff,draft,,https://www.figma.com/design/VCjqlGu9kQVy2i5nqDxKqa/Exploration-pt-II?node-id=524-5907,segment.cs-leading.conciergeSlows.staff.label,,,src/data/advisorSegments.ts,,data-file
259,Business,Time Drains,cs-leading,label,Too much passing through me,draft,,https://www.figma.com/design/VCjqlGu9kQVy2i5nqDxKqa/Exploration-pt-II?node-id=524-5907,segment.cs-leading.conciergeSlows.staff.sub,,,src/data/advisorSegments.ts,,data-file
260,Business,Time Drains,cs-leading,label,Admin after meetings,draft,,https://www.figma.com/design/VCjqlGu9kQVy2i5nqDxKqa/Exploration-pt-II?node-id=524-5907,segment.cs-leading.conciergeSlows.admin.label,,,src/data/advisorSegments.ts,,data-file
261,Business,Time Drains,cs-leading,label,"Notes, follow-ups, next steps",draft,,https://www.figma.com/design/VCjqlGu9kQVy2i5nqDxKqa/Exploration-pt-II?node-id=524-5907,segment.cs-leading.conciergeSlows.admin.sub,,,src/data/advisorSegments.ts,,data-file
262,Business,Time Drains,cs-leading,label,Navigating too many systems,draft,,https://www.figma.com/design/VCjqlGu9kQVy2i5nqDxKqa/Exploration-pt-II?node-id=524-5907,segment.cs-leading.conciergeSlows.systems.label,,,src/data/advisorSegments.ts,,data-file
263,Business,Time Drains,cs-leading,label,Finding the right answer fast,draft,,https://www.figma.com/design/VCjqlGu9kQVy2i5nqDxKqa/Exploration-pt-II?node-id=524-5907,segment.cs-leading.conciergeSlows.systems.sub,,,src/data/advisorSegments.ts,,data-file
264,Clients,Staying Connected,cs-leading,label,Personal emails I write myself,draft,,https://www.figma.com/design/VCjqlGu9kQVy2i5nqDxKqa/Exploration-pt-II?node-id=524-6621,segment.cs-leading.brandChannels.personal.label,,,src/data/advisorSegments.ts,,data-file
265,Clients,Staying Connected,cs-leading,label,"High-touch, relationship-first",draft,,https://www.figma.com/design/VCjqlGu9kQVy2i5nqDxKqa/Exploration-pt-II?node-id=524-6621,segment.cs-leading.brandChannels.personal.sub,,,src/data/advisorSegments.ts,,data-file
266,Clients,Staying Connected,cs-leading,label,Phone calls — I prefer direct contact,draft,,https://www.figma.com/design/VCjqlGu9kQVy2i5nqDxKqa/Exploration-pt-II?node-id=524-6621,segment.cs-leading.brandChannels.phone.label,,,src/data/advisorSegments.ts,,data-file
267,Clients,Staying Connected,cs-leading,label,Not a big email person,draft,,https://www.figma.com/design/VCjqlGu9kQVy2i5nqDxKqa/Exploration-pt-II?node-id=524-6621,segment.cs-leading.brandChannels.phone.sub,,,src/data/advisorSegments.ts,,data-file
268,Clients,Staying Connected,cs-leading,label,LinkedIn — building my professional brand,draft,,https://www.figma.com/design/VCjqlGu9kQVy2i5nqDxKqa/Exploration-pt-II?node-id=524-6621,segment.cs-leading.brandChannels.social.label,,,src/data/advisorSegments.ts,,data-file
269,Clients,Staying Connected,cs-leading,label,"Referrals, visibility, COIs",draft,,https://www.figma.com/design/VCjqlGu9kQVy2i5nqDxKqa/Exploration-pt-II?node-id=524-6621,segment.cs-leading.brandChannels.social.sub,,,src/data/advisorSegments.ts,,data-file
270,Clients,Staying Connected,cs-leading,label,Events I host or attend,draft,,https://www.figma.com/design/VCjqlGu9kQVy2i5nqDxKqa/Exploration-pt-II?node-id=524-6621,segment.cs-leading.brandChannels.events.label,,,src/data/advisorSegments.ts,,data-file
271,Clients,Staying Connected,cs-leading,label,"Seminars, community, client dinners",draft,,https://www.figma.com/design/VCjqlGu9kQVy2i5nqDxKqa/Exploration-pt-II?node-id=524-6621,segment.cs-leading.brandChannels.events.sub,,,src/data/advisorSegments.ts,,data-file
272,Clients,Staying Connected,cs-leading,label,Referral requests from happy clients,draft,,https://www.figma.com/design/VCjqlGu9kQVy2i5nqDxKqa/Exploration-pt-II?node-id=524-6621,segment.cs-leading.brandChannels.referrals.label,,,src/data/advisorSegments.ts,,data-file
273,Clients,Staying Connected,cs-leading,label,My primary growth channel,draft,,https://www.figma.com/design/VCjqlGu9kQVy2i5nqDxKqa/Exploration-pt-II?node-id=524-6621,segment.cs-leading.brandChannels.referrals.sub,,,src/data/advisorSegments.ts,,data-file
274,Clients,Staying Connected,cs-leading,label,I don't have a consistent system,draft,,https://www.figma.com/design/VCjqlGu9kQVy2i5nqDxKqa/Exploration-pt-II?node-id=524-6621,segment.cs-leading.brandChannels.nosystem.label,,,src/data/advisorSegments.ts,,data-file
275,Clients,Staying Connected,cs-leading,label,I'd like to change that,draft,,https://www.figma.com/design/VCjqlGu9kQVy2i5nqDxKqa/Exploration-pt-II?node-id=524-6621,segment.cs-leading.brandChannels.nosystem.sub,,,src/data/advisorSegments.ts,,data-file
276,Clients,Life Event Response,cs-leading,label,I reach out immediately — always,draft,,https://www.figma.com/design/VCjqlGu9kQVy2i5nqDxKqa/Exploration-pt-II?node-id=524-6873,segment.cs-leading.brandLifeEventInstincts.always.label,,,src/data/advisorSegments.ts,,data-file
277,Clients,Life Event Response,cs-leading,label,It's what the relationship is for,draft,,https://www.figma.com/design/VCjqlGu9kQVy2i5nqDxKqa/Exploration-pt-II?node-id=524-6873,segment.cs-leading.brandLifeEventInstincts.always.sub,,,src/data/advisorSegments.ts,,data-file
278,Clients,Life Event Response,cs-leading,label,I reach out if there's a clear financial angle,draft,,https://www.figma.com/design/VCjqlGu9kQVy2i5nqDxKqa/Exploration-pt-II?node-id=524-6873,segment.cs-leading.brandLifeEventInstincts.financial.label,,,src/data/advisorSegments.ts,,data-file
279,Clients,Life Event Response,cs-leading,label,"Targeted, not reflexive",draft,,https://www.figma.com/design/VCjqlGu9kQVy2i5nqDxKqa/Exploration-pt-II?node-id=524-6873,segment.cs-leading.brandLifeEventInstincts.financial.sub,,,src/data/advisorSegments.ts,,data-file
280,Clients,Life Event Response,cs-leading,label,I'd reach out more if I knew sooner,draft,,https://www.figma.com/design/VCjqlGu9kQVy2i5nqDxKqa/Exploration-pt-II?node-id=524-6873,segment.cs-leading.brandLifeEventInstincts.sooner.label,,,src/data/advisorSegments.ts,,data-file
281,Clients,Life Event Response,cs-leading,label,The timing is the challenge,draft,,https://www.figma.com/design/VCjqlGu9kQVy2i5nqDxKqa/Exploration-pt-II?node-id=524-6873,segment.cs-leading.brandLifeEventInstincts.sooner.sub,,,src/data/advisorSegments.ts,,data-file
282,Clients,Life Event Response,cs-leading,label,I let clients come to me at these moments,draft,,https://www.figma.com/design/VCjqlGu9kQVy2i5nqDxKqa/Exploration-pt-II?node-id=524-6873,segment.cs-leading.brandLifeEventInstincts.wait.label,,,src/data/advisorSegments.ts,,data-file
283,Clients,Life Event Response,cs-leading,label,I don't want to intrude,draft,,https://www.figma.com/design/VCjqlGu9kQVy2i5nqDxKqa/Exploration-pt-II?node-id=524-6873,segment.cs-leading.brandLifeEventInstincts.wait.sub,,,src/data/advisorSegments.ts,,data-file
284,Plan,Your Plan,cs-leading,label,Give me a morning briefing when I start,draft,,https://www.figma.com/design/VCjqlGu9kQVy2i5nqDxKqa/Exploration-pt-II?node-id=524-9889,segment.cs-leading.chiefOsStyleOptions.briefing.label,,,src/data/advisorSegments.ts,,data-file
285,Plan,Your Plan,cs-leading,label,"Top priorities, no noise",draft,,https://www.figma.com/design/VCjqlGu9kQVy2i5nqDxKqa/Exploration-pt-II?node-id=524-9889,segment.cs-leading.chiefOsStyleOptions.briefing.sub,,,src/data/advisorSegments.ts,,data-file
286,Plan,Your Plan,cs-leading,label,Only alert me when something urgent needs action,draft,,https://www.figma.com/design/VCjqlGu9kQVy2i5nqDxKqa/Exploration-pt-II?node-id=524-9889,segment.cs-leading.chiefOsStyleOptions.urgent.label,,,src/data/advisorSegments.ts,,data-file
287,Plan,Your Plan,cs-leading,label,I prefer quiet unless it matters,draft,,https://www.figma.com/design/VCjqlGu9kQVy2i5nqDxKqa/Exploration-pt-II?node-id=524-9889,segment.cs-leading.chiefOsStyleOptions.urgent.sub,,,src/data/advisorSegments.ts,,data-file
288,Plan,Your Plan,cs-leading,label,Handle routine tasks without asking me,draft,,https://www.figma.com/design/VCjqlGu9kQVy2i5nqDxKqa/Exploration-pt-II?node-id=524-9889,segment.cs-leading.chiefOsStyleOptions.auto.label,,,src/data/advisorSegments.ts,,data-file
289,Plan,Your Plan,cs-leading,label,I trust it — just get it done,draft,,https://www.figma.com/design/VCjqlGu9kQVy2i5nqDxKqa/Exploration-pt-II?node-id=524-9889,segment.cs-leading.chiefOsStyleOptions.auto.sub,,,src/data/advisorSegments.ts,,data-file
290,Plan,Your Plan,cs-leading,label,Check in when my pace shifts,draft,,https://www.figma.com/design/VCjqlGu9kQVy2i5nqDxKqa/Exploration-pt-II?node-id=524-9889,segment.cs-leading.chiefOsStyleOptions.checkin.label,,,src/data/advisorSegments.ts,,data-file
291,Plan,Your Plan,cs-leading,label,I want to know before it's a problem,draft,,https://www.figma.com/design/VCjqlGu9kQVy2i5nqDxKqa/Exploration-pt-II?node-id=524-9889,segment.cs-leading.chiefOsStyleOptions.checkin.sub,,,src/data/advisorSegments.ts,,data-file
292,Business,Biggest Time Drain,cs-leading,tag,Admin after client meetings,draft,,https://www.figma.com/design/VCjqlGu9kQVy2i5nqDxKqa/Exploration-pt-II?node-id=524-6122,segment.cs-leading.conciergeTimeSuggestions.[0],,,src/data/advisorSegments.ts,,data-file
293,Business,Biggest Time Drain,cs-leading,tag,Chasing case status across systems,draft,,https://www.figma.com/design/VCjqlGu9kQVy2i5nqDxKqa/Exploration-pt-II?node-id=524-6122,segment.cs-leading.conciergeTimeSuggestions.[1],,,src/data/advisorSegments.ts,,data-file
294,Business,Biggest Time Drain,cs-leading,tag,Coordinating with staff on routine tasks,draft,,https://www.figma.com/design/VCjqlGu9kQVy2i5nqDxKqa/Exploration-pt-II?node-id=524-6122,segment.cs-leading.conciergeTimeSuggestions.[2],,,src/data/advisorSegments.ts,,data-file
295,Business,Biggest Time Drain,cs-leading,tag,Manually pulling reports and dashboards,draft,,https://www.figma.com/design/VCjqlGu9kQVy2i5nqDxKqa/Exploration-pt-II?node-id=524-6122,segment.cs-leading.conciergeTimeSuggestions.[3],,,src/data/advisorSegments.ts,,data-file
296,Business,Biggest Time Drain,cs-leading,body,"If you could reclaim 5 hours a week from one thing, what would it be?",draft,,https://www.figma.com/design/VCjqlGu9kQVy2i5nqDxKqa/Exploration-pt-II?node-id=524-6122,segment.cs-leading.conciergeEliminatePrompt,,,src/data/advisorSegments.ts,,data-file
297,Introduction,Meet Nyla,hl-accelerating,headline,What kind of advisor are you building toward — how would you want clients to describe you in 3 years?,draft,,https://www.figma.com/design/VCjqlGu9kQVy2i5nqDxKqa/Exploration-pt-II?node-id=524-2023,segment.hl-accelerating.intro.coachIdentityPrompt,,,src/data/advisorSegments.ts,,data-file
298,Introduction,Meet Nyla,hl-accelerating,placeholder,"e.g., Someone who helps people think about their whole financial picture, not just their policies.",draft,,https://www.figma.com/design/VCjqlGu9kQVy2i5nqDxKqa/Exploration-pt-II?node-id=524-2023,segment.hl-accelerating.intro.coachIdentityPlaceholder,,,src/data/advisorSegments.ts,,data-file
299,Introduction,Meet Nyla,hl-accelerating,label,Would you like the OS to check in when your activity slows down — and surface specific actions to get back on track?,draft,,https://www.figma.com/design/VCjqlGu9kQVy2i5nqDxKqa/Exploration-pt-II?node-id=524-2023,segment.hl-accelerating.intro.coachConsentLabel,,,src/data/advisorSegments.ts,,data-file
300,Introduction,Meet Nyla,hl-accelerating,placeholder,"e.g., Thoughtful and curious. Like a friend who happens to know a lot about money.",draft,,https://www.figma.com/design/VCjqlGu9kQVy2i5nqDxKqa/Exploration-pt-II?node-id=524-2023,segment.hl-accelerating.intro.brandVoicePlaceholder,,,src/data/advisorSegments.ts,,data-file
301,Introduction,Meet Nyla,hl-accelerating,placeholder,"e.g., Having my first clients who think of me as their full financial advisor, not just their insurance person.",draft,,https://www.figma.com/design/VCjqlGu9kQVy2i5nqDxKqa/Exploration-pt-II?node-id=524-2023,segment.hl-accelerating.intro.chiefBigGoalPlaceholder,,,src/data/advisorSegments.ts,,data-file
302,Business,Growth Areas,hl-accelerating,label,Understanding my path to Eagle or IAR,draft,,https://www.figma.com/design/VCjqlGu9kQVy2i5nqDxKqa/Exploration-pt-II?node-id=524-5692,segment.hl-accelerating.growthAreas.pathway.label,,,src/data/advisorSegments.ts,,data-file
303,Business,Growth Areas,hl-accelerating,label,"Licensing, sequencing, what's next",draft,,https://www.figma.com/design/VCjqlGu9kQVy2i5nqDxKqa/Exploration-pt-II?node-id=524-5692,segment.hl-accelerating.growthAreas.pathway.sub,,,src/data/advisorSegments.ts,,data-file
304,Business,Growth Areas,hl-accelerating,label,Starting broader planning conversations,draft,,https://www.figma.com/design/VCjqlGu9kQVy2i5nqDxKqa/Exploration-pt-II?node-id=524-5692,segment.hl-accelerating.growthAreas.conversation.label,,,src/data/advisorSegments.ts,,data-file
305,Business,Growth Areas,hl-accelerating,label,Moving clients beyond protection,draft,,https://www.figma.com/design/VCjqlGu9kQVy2i5nqDxKqa/Exploration-pt-II?node-id=524-5692,segment.hl-accelerating.growthAreas.conversation.sub,,,src/data/advisorSegments.ts,,data-file
306,Business,Growth Areas,hl-accelerating,label,Generating qualified referrals consistently,draft,,https://www.figma.com/design/VCjqlGu9kQVy2i5nqDxKqa/Exploration-pt-II?node-id=524-5692,segment.hl-accelerating.growthAreas.referral.label,,,src/data/advisorSegments.ts,,data-file
307,Business,Growth Areas,hl-accelerating,label,Beyond my initial market,draft,,https://www.figma.com/design/VCjqlGu9kQVy2i5nqDxKqa/Exploration-pt-II?node-id=524-5692,segment.hl-accelerating.growthAreas.referral.sub,,,src/data/advisorSegments.ts,,data-file
308,Business,Growth Areas,hl-accelerating,label,Positioning NYL as a full financial partner,draft,,https://www.figma.com/design/VCjqlGu9kQVy2i5nqDxKqa/Exploration-pt-II?node-id=524-5692,segment.hl-accelerating.growthAreas.positioning.label,,,src/data/advisorSegments.ts,,data-file
309,Business,Growth Areas,hl-accelerating,label,Not just life insurance,draft,,https://www.figma.com/design/VCjqlGu9kQVy2i5nqDxKqa/Exploration-pt-II?node-id=524-5692,segment.hl-accelerating.growthAreas.positioning.sub,,,src/data/advisorSegments.ts,,data-file
310,Business,Growth Areas,hl-accelerating,label,Keeping pipeline moving despite service burden,draft,,https://www.figma.com/design/VCjqlGu9kQVy2i5nqDxKqa/Exploration-pt-II?node-id=524-5692,segment.hl-accelerating.growthAreas.pipeline.label,,,src/data/advisorSegments.ts,,data-file
311,Business,Growth Areas,hl-accelerating,label,Finding time to prospect,draft,,https://www.figma.com/design/VCjqlGu9kQVy2i5nqDxKqa/Exploration-pt-II?node-id=524-5692,segment.hl-accelerating.growthAreas.pipeline.sub,,,src/data/advisorSegments.ts,,data-file
312,Business,Growth Areas,hl-accelerating,label,Understanding how holistic activity pays me,draft,,https://www.figma.com/design/VCjqlGu9kQVy2i5nqDxKqa/Exploration-pt-II?node-id=524-5692,segment.hl-accelerating.growthAreas.compensation.label,,,src/data/advisorSegments.ts,,data-file
313,Business,Growth Areas,hl-accelerating,label,"Council, Eagle, fee-based",draft,,https://www.figma.com/design/VCjqlGu9kQVy2i5nqDxKqa/Exploration-pt-II?node-id=524-5692,segment.hl-accelerating.growthAreas.compensation.sub,,,src/data/advisorSegments.ts,,data-file
314,Clients,Client Signals,hl-accelerating,label,Clients ready for a holistic conversation,draft,,https://www.figma.com/design/VCjqlGu9kQVy2i5nqDxKqa/Exploration-pt-II?node-id=524-6368,segment.hl-accelerating.analystMorning.pathway.label,,,src/data/advisorSegments.ts,,data-file
315,Clients,Client Signals,hl-accelerating,label,Beyond what they have today,draft,,https://www.figma.com/design/VCjqlGu9kQVy2i5nqDxKqa/Exploration-pt-II?node-id=524-6368,segment.hl-accelerating.analystMorning.pathway.sub,,,src/data/advisorSegments.ts,,data-file
316,Clients,Client Signals,hl-accelerating,label,Life events worth reaching out about,draft,,https://www.figma.com/design/VCjqlGu9kQVy2i5nqDxKqa/Exploration-pt-II?node-id=524-6368,segment.hl-accelerating.analystMorning.lifeevent.label,,,src/data/advisorSegments.ts,,data-file
317,Clients,Client Signals,hl-accelerating,label,"Timely, personal moments",draft,,https://www.figma.com/design/VCjqlGu9kQVy2i5nqDxKqa/Exploration-pt-II?node-id=524-6368,segment.hl-accelerating.analystMorning.lifeevent.sub,,,src/data/advisorSegments.ts,,data-file
318,Clients,Client Signals,hl-accelerating,label,Pipeline items that need my attention,draft,,https://www.figma.com/design/VCjqlGu9kQVy2i5nqDxKqa/Exploration-pt-II?node-id=524-6368,segment.hl-accelerating.analystMorning.pipeline.label,,,src/data/advisorSegments.ts,,data-file
319,Clients,Client Signals,hl-accelerating,label,"Cases, NIGOs, follow-ups",draft,,https://www.figma.com/design/VCjqlGu9kQVy2i5nqDxKqa/Exploration-pt-II?node-id=524-6368,segment.hl-accelerating.analystMorning.pipeline.sub,,,src/data/advisorSegments.ts,,data-file
320,Clients,Client Signals,hl-accelerating,label,Referral opportunities in my book,draft,,https://www.figma.com/design/VCjqlGu9kQVy2i5nqDxKqa/Exploration-pt-II?node-id=524-6368,segment.hl-accelerating.analystMorning.referral.label,,,src/data/advisorSegments.ts,,data-file
321,Clients,Client Signals,hl-accelerating,label,Household and network connections,draft,,https://www.figma.com/design/VCjqlGu9kQVy2i5nqDxKqa/Exploration-pt-II?node-id=524-6368,segment.hl-accelerating.analystMorning.referral.sub,,,src/data/advisorSegments.ts,,data-file
322,Clients,Client Signals,hl-accelerating,label,My production pace vs. goal,draft,,https://www.figma.com/design/VCjqlGu9kQVy2i5nqDxKqa/Exploration-pt-II?node-id=524-6368,segment.hl-accelerating.analystMorning.council.label,,,src/data/advisorSegments.ts,,data-file
323,Clients,Client Signals,hl-accelerating,label,What I need to do this week,draft,,https://www.figma.com/design/VCjqlGu9kQVy2i5nqDxKqa/Exploration-pt-II?node-id=524-6368,segment.hl-accelerating.analystMorning.council.sub,,,src/data/advisorSegments.ts,,data-file
324,Clients,Client Signals,hl-accelerating,label,Life events worth a planning conversation,draft,,https://www.figma.com/design/VCjqlGu9kQVy2i5nqDxKqa/Exploration-pt-II?node-id=524-6368,segment.hl-accelerating.analystSignals.lifeevent.label,,,src/data/advisorSegments.ts,,data-file
325,Clients,Client Signals,hl-accelerating,label,The right moment to go deeper,draft,,https://www.figma.com/design/VCjqlGu9kQVy2i5nqDxKqa/Exploration-pt-II?node-id=524-6368,segment.hl-accelerating.analystSignals.lifeevent.sub,,,src/data/advisorSegments.ts,,data-file
326,Clients,Client Signals,hl-accelerating,label,Lapse & retention risks,draft,,https://www.figma.com/design/VCjqlGu9kQVy2i5nqDxKqa/Exploration-pt-II?node-id=524-6368,segment.hl-accelerating.analystSignals.lapse.label,,,src/data/advisorSegments.ts,,data-file
327,Clients,Client Signals,hl-accelerating,label,Clients at risk before they act,draft,,https://www.figma.com/design/VCjqlGu9kQVy2i5nqDxKqa/Exploration-pt-II?node-id=524-6368,segment.hl-accelerating.analystSignals.lapse.sub,,,src/data/advisorSegments.ts,,data-file
328,Clients,Client Signals,hl-accelerating,label,Holistic expansion signals,draft,,https://www.figma.com/design/VCjqlGu9kQVy2i5nqDxKqa/Exploration-pt-II?node-id=524-6368,segment.hl-accelerating.analystSignals.crosssell.label,,,src/data/advisorSegments.ts,,data-file
329,Clients,Client Signals,hl-accelerating,label,Clients ready for more than protection,draft,,https://www.figma.com/design/VCjqlGu9kQVy2i5nqDxKqa/Exploration-pt-II?node-id=524-6368,segment.hl-accelerating.analystSignals.crosssell.sub,,,src/data/advisorSegments.ts,,data-file
330,Clients,Client Signals,hl-accelerating,label,Policy & plan milestones,draft,,https://www.figma.com/design/VCjqlGu9kQVy2i5nqDxKqa/Exploration-pt-II?node-id=524-6368,segment.hl-accelerating.analystSignals.milestone.label,,,src/data/advisorSegments.ts,,data-file
331,Clients,Client Signals,hl-accelerating,label,"Anniversaries, conversion windows, RMDs",draft,,https://www.figma.com/design/VCjqlGu9kQVy2i5nqDxKqa/Exploration-pt-II?node-id=524-6368,segment.hl-accelerating.analystSignals.milestone.sub,,,src/data/advisorSegments.ts,,data-file
332,Clients,Client Signals,hl-accelerating,label,Referral network signals,draft,,https://www.figma.com/design/VCjqlGu9kQVy2i5nqDxKqa/Exploration-pt-II?node-id=524-6368,segment.hl-accelerating.analystSignals.referral.label,,,src/data/advisorSegments.ts,,data-file
333,Clients,Client Signals,hl-accelerating,label,Household connections worth exploring,draft,,https://www.figma.com/design/VCjqlGu9kQVy2i5nqDxKqa/Exploration-pt-II?node-id=524-6368,segment.hl-accelerating.analystSignals.referral.sub,,,src/data/advisorSegments.ts,,data-file
334,Goals,Practice Direction,hl-accelerating,label,Become a true holistic financial advisor,draft,,https://www.figma.com/design/VCjqlGu9kQVy2i5nqDxKqa/Exploration-pt-II?node-id=524-3208,segment.hl-accelerating.strategistDirections.holistic.label,,,src/data/advisorSegments.ts,,data-file
335,Goals,Practice Direction,hl-accelerating,label,"Planning, investments, protection together",draft,,https://www.figma.com/design/VCjqlGu9kQVy2i5nqDxKqa/Exploration-pt-II?node-id=524-3208,segment.hl-accelerating.strategistDirections.holistic.sub,,,src/data/advisorSegments.ts,,data-file
336,Goals,Practice Direction,hl-accelerating,label,Build toward Eagle and investment advisory,draft,,https://www.figma.com/design/VCjqlGu9kQVy2i5nqDxKqa/Exploration-pt-II?node-id=524-3208,segment.hl-accelerating.strategistDirections.eagle.label,,,src/data/advisorSegments.ts,,data-file
337,Goals,Practice Direction,hl-accelerating,label,"IAR track, AUM, fee-based",draft,,https://www.figma.com/design/VCjqlGu9kQVy2i5nqDxKqa/Exploration-pt-II?node-id=524-3208,segment.hl-accelerating.strategistDirections.eagle.sub,,,src/data/advisorSegments.ts,,data-file
338,Goals,Practice Direction,hl-accelerating,label,Strengthen my protection foundation first,draft,,https://www.figma.com/design/VCjqlGu9kQVy2i5nqDxKqa/Exploration-pt-II?node-id=524-3208,segment.hl-accelerating.strategistDirections.protection.label,,,src/data/advisorSegments.ts,,data-file
339,Goals,Practice Direction,hl-accelerating,label,Before expanding further,draft,,https://www.figma.com/design/VCjqlGu9kQVy2i5nqDxKqa/Exploration-pt-II?node-id=524-3208,segment.hl-accelerating.strategistDirections.protection.sub,,,src/data/advisorSegments.ts,,data-file
340,Goals,Practice Direction,hl-accelerating,label,Build a referral-driven practice,draft,,https://www.figma.com/design/VCjqlGu9kQVy2i5nqDxKqa/Exploration-pt-II?node-id=524-3208,segment.hl-accelerating.strategistDirections.referral.label,,,src/data/advisorSegments.ts,,data-file
341,Goals,Practice Direction,hl-accelerating,label,"Less cold outreach, more warm pipeline",draft,,https://www.figma.com/design/VCjqlGu9kQVy2i5nqDxKqa/Exploration-pt-II?node-id=524-3208,segment.hl-accelerating.strategistDirections.referral.sub,,,src/data/advisorSegments.ts,,data-file
342,Goals,Practice Direction,hl-accelerating,label,Build toward a team-based model,draft,,https://www.figma.com/design/VCjqlGu9kQVy2i5nqDxKqa/Exploration-pt-II?node-id=524-3208,segment.hl-accelerating.strategistDirections.team.label,,,src/data/advisorSegments.ts,,data-file
343,Goals,Practice Direction,hl-accelerating,label,"Teaming, staff, shared clients",draft,,https://www.figma.com/design/VCjqlGu9kQVy2i5nqDxKqa/Exploration-pt-II?node-id=524-3208,segment.hl-accelerating.strategistDirections.team.sub,,,src/data/advisorSegments.ts,,data-file
344,Business,Time Drains,hl-accelerating,label,Chasing case status and NIGO updates,draft,,https://www.figma.com/design/VCjqlGu9kQVy2i5nqDxKqa/Exploration-pt-II?node-id=524-5907,segment.hl-accelerating.conciergeSlows.casetrack.label,,,src/data/advisorSegments.ts,,data-file
345,Business,Time Drains,hl-accelerating,label,Delays that kill momentum,draft,,https://www.figma.com/design/VCjqlGu9kQVy2i5nqDxKqa/Exploration-pt-II?node-id=524-5907,segment.hl-accelerating.conciergeSlows.casetrack.sub,,,src/data/advisorSegments.ts,,data-file
346,Business,Time Drains,hl-accelerating,label,Client service issues pulling me away,draft,,https://www.figma.com/design/VCjqlGu9kQVy2i5nqDxKqa/Exploration-pt-II?node-id=524-5907,segment.hl-accelerating.conciergeSlows.service.label,,,src/data/advisorSegments.ts,,data-file
347,Business,Time Drains,hl-accelerating,label,From prospecting and growth,draft,,https://www.figma.com/design/VCjqlGu9kQVy2i5nqDxKqa/Exploration-pt-II?node-id=524-5907,segment.hl-accelerating.conciergeSlows.service.sub,,,src/data/advisorSegments.ts,,data-file
348,Business,Time Drains,hl-accelerating,label,"Finding the right system, form, or answer",draft,,https://www.figma.com/design/VCjqlGu9kQVy2i5nqDxKqa/Exploration-pt-II?node-id=524-5907,segment.hl-accelerating.conciergeSlows.navigation.label,,,src/data/advisorSegments.ts,,data-file
349,Business,Time Drains,hl-accelerating,label,Too much hunting,draft,,https://www.figma.com/design/VCjqlGu9kQVy2i5nqDxKqa/Exploration-pt-II?node-id=524-5907,segment.hl-accelerating.conciergeSlows.navigation.sub,,,src/data/advisorSegments.ts,,data-file
350,Business,Time Drains,hl-accelerating,label,Preparing for meetings across product lines,draft,,https://www.figma.com/design/VCjqlGu9kQVy2i5nqDxKqa/Exploration-pt-II?node-id=524-5907,segment.hl-accelerating.conciergeSlows.meetingprep.label,,,src/data/advisorSegments.ts,,data-file
351,Business,Time Drains,hl-accelerating,label,More complex than pure protection,draft,,https://www.figma.com/design/VCjqlGu9kQVy2i5nqDxKqa/Exploration-pt-II?node-id=524-5907,segment.hl-accelerating.conciergeSlows.meetingprep.sub,,,src/data/advisorSegments.ts,,data-file
352,Business,Time Drains,hl-accelerating,label,Admin after meetings,draft,,https://www.figma.com/design/VCjqlGu9kQVy2i5nqDxKqa/Exploration-pt-II?node-id=524-5907,segment.hl-accelerating.conciergeSlows.admin.label,,,src/data/advisorSegments.ts,,data-file
353,Business,Time Drains,hl-accelerating,label,"Notes, next steps, follow-up emails",draft,,https://www.figma.com/design/VCjqlGu9kQVy2i5nqDxKqa/Exploration-pt-II?node-id=524-5907,segment.hl-accelerating.conciergeSlows.admin.sub,,,src/data/advisorSegments.ts,,data-file
354,Business,Time Drains,hl-accelerating,label,Managing multi-product workflows,draft,,https://www.figma.com/design/VCjqlGu9kQVy2i5nqDxKqa/Exploration-pt-II?node-id=524-5907,segment.hl-accelerating.conciergeSlows.workflow.label,,,src/data/advisorSegments.ts,,data-file
355,Business,Time Drains,hl-accelerating,label,Life + investments + planning,draft,,https://www.figma.com/design/VCjqlGu9kQVy2i5nqDxKqa/Exploration-pt-II?node-id=524-5907,segment.hl-accelerating.conciergeSlows.workflow.sub,,,src/data/advisorSegments.ts,,data-file
356,Clients,Staying Connected,hl-accelerating,label,Personal emails — relationship-driven,draft,,https://www.figma.com/design/VCjqlGu9kQVy2i5nqDxKqa/Exploration-pt-II?node-id=524-6621,segment.hl-accelerating.brandChannels.personal.label,,,src/data/advisorSegments.ts,,data-file
357,Clients,Staying Connected,hl-accelerating,label,I write them myself,draft,,https://www.figma.com/design/VCjqlGu9kQVy2i5nqDxKqa/Exploration-pt-II?node-id=524-6621,segment.hl-accelerating.brandChannels.personal.sub,,,src/data/advisorSegments.ts,,data-file
358,Clients,Staying Connected,hl-accelerating,label,LinkedIn and social media,draft,,https://www.figma.com/design/VCjqlGu9kQVy2i5nqDxKqa/Exploration-pt-II?node-id=524-6621,segment.hl-accelerating.brandChannels.social.label,,,src/data/advisorSegments.ts,,data-file
359,Clients,Staying Connected,hl-accelerating,label,Building my profile as a broader advisor,draft,,https://www.figma.com/design/VCjqlGu9kQVy2i5nqDxKqa/Exploration-pt-II?node-id=524-6621,segment.hl-accelerating.brandChannels.social.sub,,,src/data/advisorSegments.ts,,data-file
360,Clients,Staying Connected,hl-accelerating,label,Referral requests and COI relationships,draft,,https://www.figma.com/design/VCjqlGu9kQVy2i5nqDxKqa/Exploration-pt-II?node-id=524-6621,segment.hl-accelerating.brandChannels.referrals.label,,,src/data/advisorSegments.ts,,data-file
361,Clients,Staying Connected,hl-accelerating,label,Key to growing beyond warm market,draft,,https://www.figma.com/design/VCjqlGu9kQVy2i5nqDxKqa/Exploration-pt-II?node-id=524-6621,segment.hl-accelerating.brandChannels.referrals.sub,,,src/data/advisorSegments.ts,,data-file
362,Clients,Staying Connected,hl-accelerating,label,Events and community involvement,draft,,https://www.figma.com/design/VCjqlGu9kQVy2i5nqDxKqa/Exploration-pt-II?node-id=524-6621,segment.hl-accelerating.brandChannels.events.label,,,src/data/advisorSegments.ts,,data-file
363,Clients,Staying Connected,hl-accelerating,label,Niche or market-specific,draft,,https://www.figma.com/design/VCjqlGu9kQVy2i5nqDxKqa/Exploration-pt-II?node-id=524-6621,segment.hl-accelerating.brandChannels.events.sub,,,src/data/advisorSegments.ts,,data-file
364,Clients,Staying Connected,hl-accelerating,label,Sharing content and market insights,draft,,https://www.figma.com/design/VCjqlGu9kQVy2i5nqDxKqa/Exploration-pt-II?node-id=524-6621,segment.hl-accelerating.brandChannels.content.label,,,src/data/advisorSegments.ts,,data-file
365,Clients,Staying Connected,hl-accelerating,label,"Email, social, text",draft,,https://www.figma.com/design/VCjqlGu9kQVy2i5nqDxKqa/Exploration-pt-II?node-id=524-6621,segment.hl-accelerating.brandChannels.content.sub,,,src/data/advisorSegments.ts,,data-file
366,Clients,Staying Connected,hl-accelerating,label,I want to do more but lack a system,draft,,https://www.figma.com/design/VCjqlGu9kQVy2i5nqDxKqa/Exploration-pt-II?node-id=524-6621,segment.hl-accelerating.brandChannels.nosystem.label,,,src/data/advisorSegments.ts,,data-file
367,Clients,Staying Connected,hl-accelerating,label,Would like help building one,draft,,https://www.figma.com/design/VCjqlGu9kQVy2i5nqDxKqa/Exploration-pt-II?node-id=524-6621,segment.hl-accelerating.brandChannels.nosystem.sub,,,src/data/advisorSegments.ts,,data-file
368,Clients,Life Event Response,hl-accelerating,label,I try to reach out — it matters to clients,draft,,https://www.figma.com/design/VCjqlGu9kQVy2i5nqDxKqa/Exploration-pt-II?node-id=524-6873,segment.hl-accelerating.brandLifeEventInstincts.always.label,,,src/data/advisorSegments.ts,,data-file
369,Clients,Life Event Response,hl-accelerating,label,Even if just to acknowledge,draft,,https://www.figma.com/design/VCjqlGu9kQVy2i5nqDxKqa/Exploration-pt-II?node-id=524-6873,segment.hl-accelerating.brandLifeEventInstincts.always.sub,,,src/data/advisorSegments.ts,,data-file
370,Clients,Life Event Response,hl-accelerating,label,I'd do it more if I knew about it sooner,draft,,https://www.figma.com/design/VCjqlGu9kQVy2i5nqDxKqa/Exploration-pt-II?node-id=524-6873,segment.hl-accelerating.brandLifeEventInstincts.sooner.label,,,src/data/advisorSegments.ts,,data-file
371,Clients,Life Event Response,hl-accelerating,label,I miss too many moments,draft,,https://www.figma.com/design/VCjqlGu9kQVy2i5nqDxKqa/Exploration-pt-II?node-id=524-6873,segment.hl-accelerating.brandLifeEventInstincts.sooner.sub,,,src/data/advisorSegments.ts,,data-file
372,Clients,Life Event Response,hl-accelerating,label,I reach out when there's a financial angle,draft,,https://www.figma.com/design/VCjqlGu9kQVy2i5nqDxKqa/Exploration-pt-II?node-id=524-6873,segment.hl-accelerating.brandLifeEventInstincts.financial.label,,,src/data/advisorSegments.ts,,data-file
373,Clients,Life Event Response,hl-accelerating,label,I focus on relevant moments,draft,,https://www.figma.com/design/VCjqlGu9kQVy2i5nqDxKqa/Exploration-pt-II?node-id=524-6873,segment.hl-accelerating.brandLifeEventInstincts.financial.sub,,,src/data/advisorSegments.ts,,data-file
374,Clients,Life Event Response,hl-accelerating,label,I'm not sure what's appropriate yet,draft,,https://www.figma.com/design/VCjqlGu9kQVy2i5nqDxKqa/Exploration-pt-II?node-id=524-6873,segment.hl-accelerating.brandLifeEventInstincts.unsure.label,,,src/data/advisorSegments.ts,,data-file
375,Clients,Life Event Response,hl-accelerating,label,I could use guidance on this,draft,,https://www.figma.com/design/VCjqlGu9kQVy2i5nqDxKqa/Exploration-pt-II?node-id=524-6873,segment.hl-accelerating.brandLifeEventInstincts.unsure.sub,,,src/data/advisorSegments.ts,,data-file
376,Plan,Your Plan,hl-accelerating,label,Give me a morning briefing,draft,,https://www.figma.com/design/VCjqlGu9kQVy2i5nqDxKqa/Exploration-pt-II?node-id=524-9889,segment.hl-accelerating.chiefOsStyleOptions.briefing.label,,,src/data/advisorSegments.ts,,data-file
377,Plan,Your Plan,hl-accelerating,label,Show me what needs attention today,draft,,https://www.figma.com/design/VCjqlGu9kQVy2i5nqDxKqa/Exploration-pt-II?node-id=524-9889,segment.hl-accelerating.chiefOsStyleOptions.briefing.sub,,,src/data/advisorSegments.ts,,data-file
378,Plan,Your Plan,hl-accelerating,label,Alert me when something needs action,draft,,https://www.figma.com/design/VCjqlGu9kQVy2i5nqDxKqa/Exploration-pt-II?node-id=524-9889,segment.hl-accelerating.chiefOsStyleOptions.urgent.label,,,src/data/advisorSegments.ts,,data-file
379,Plan,Your Plan,hl-accelerating,label,"Cases, signals, time-sensitive items",draft,,https://www.figma.com/design/VCjqlGu9kQVy2i5nqDxKqa/Exploration-pt-II?node-id=524-9889,segment.hl-accelerating.chiefOsStyleOptions.urgent.sub,,,src/data/advisorSegments.ts,,data-file
380,Plan,Your Plan,hl-accelerating,label,Handle routine admin without asking,draft,,https://www.figma.com/design/VCjqlGu9kQVy2i5nqDxKqa/Exploration-pt-II?node-id=524-9889,segment.hl-accelerating.chiefOsStyleOptions.auto.label,,,src/data/advisorSegments.ts,,data-file
381,Plan,Your Plan,hl-accelerating,label,Free me up for client-facing work,draft,,https://www.figma.com/design/VCjqlGu9kQVy2i5nqDxKqa/Exploration-pt-II?node-id=524-9889,segment.hl-accelerating.chiefOsStyleOptions.auto.sub,,,src/data/advisorSegments.ts,,data-file
382,Plan,Your Plan,hl-accelerating,label,Check in when I'm off pace,draft,,https://www.figma.com/design/VCjqlGu9kQVy2i5nqDxKqa/Exploration-pt-II?node-id=524-9889,segment.hl-accelerating.chiefOsStyleOptions.checkin.label,,,src/data/advisorSegments.ts,,data-file
383,Plan,Your Plan,hl-accelerating,label,So I can adjust before it's too late,draft,,https://www.figma.com/design/VCjqlGu9kQVy2i5nqDxKqa/Exploration-pt-II?node-id=524-9889,segment.hl-accelerating.chiefOsStyleOptions.checkin.sub,,,src/data/advisorSegments.ts,,data-file
384,Plan,Your Plan,hl-accelerating,label,Stay quiet unless I ask,draft,,https://www.figma.com/design/VCjqlGu9kQVy2i5nqDxKqa/Exploration-pt-II?node-id=524-9889,segment.hl-accelerating.chiefOsStyleOptions.quiet.label,,,src/data/advisorSegments.ts,,data-file
385,Plan,Your Plan,hl-accelerating,label,I'll use it on my terms,draft,,https://www.figma.com/design/VCjqlGu9kQVy2i5nqDxKqa/Exploration-pt-II?node-id=524-9889,segment.hl-accelerating.chiefOsStyleOptions.quiet.sub,,,src/data/advisorSegments.ts,,data-file
386,Business,Biggest Time Drain,hl-accelerating,tag,Following up on stalled cases,draft,,https://www.figma.com/design/VCjqlGu9kQVy2i5nqDxKqa/Exploration-pt-II?node-id=524-6122,segment.hl-accelerating.conciergeTimeSuggestions.[0],,,src/data/advisorSegments.ts,,data-file
387,Business,Biggest Time Drain,hl-accelerating,tag,Navigating which system has the answer,draft,,https://www.figma.com/design/VCjqlGu9kQVy2i5nqDxKqa/Exploration-pt-II?node-id=524-6122,segment.hl-accelerating.conciergeTimeSuggestions.[1],,,src/data/advisorSegments.ts,,data-file
388,Business,Biggest Time Drain,hl-accelerating,tag,Writing post-meeting emails from scratch,draft,,https://www.figma.com/design/VCjqlGu9kQVy2i5nqDxKqa/Exploration-pt-II?node-id=524-6122,segment.hl-accelerating.conciergeTimeSuggestions.[2],,,src/data/advisorSegments.ts,,data-file
389,Business,Biggest Time Drain,hl-accelerating,tag,Preparing for meetings across multiple product lines,draft,,https://www.figma.com/design/VCjqlGu9kQVy2i5nqDxKqa/Exploration-pt-II?node-id=524-6122,segment.hl-accelerating.conciergeTimeSuggestions.[3],,,src/data/advisorSegments.ts,,data-file
390,Business,Biggest Time Drain,hl-accelerating,body,What's the one thing in your week that consistently pulls you away from the work that actually grows your business?,draft,,https://www.figma.com/design/VCjqlGu9kQVy2i5nqDxKqa/Exploration-pt-II?node-id=524-6122,segment.hl-accelerating.conciergeEliminatePrompt,,,src/data/advisorSegments.ts,,data-file
391,Introduction,Meet Nyla,cs-building,headline,What drew you to this career — what do you most want to be known for with clients?,draft,,https://www.figma.com/design/VCjqlGu9kQVy2i5nqDxKqa/Exploration-pt-II?node-id=524-2023,segment.cs-building.intro.coachIdentityPrompt,,,src/data/advisorSegments.ts,,data-file
392,Introduction,Meet Nyla,cs-building,placeholder,"e.g., The advisor who actually shows up and takes the time to explain things.",draft,,https://www.figma.com/design/VCjqlGu9kQVy2i5nqDxKqa/Exploration-pt-II?node-id=524-2023,segment.cs-building.intro.coachIdentityPlaceholder,,,src/data/advisorSegments.ts,,data-file
393,Introduction,Meet Nyla,cs-building,label,"Would you like the OS to check in with you when momentum dips — not just report on it, but actually help you get moving again?",draft,,https://www.figma.com/design/VCjqlGu9kQVy2i5nqDxKqa/Exploration-pt-II?node-id=524-2023,segment.cs-building.intro.coachConsentLabel,,,src/data/advisorSegments.ts,,data-file
394,Introduction,Meet Nyla,cs-building,placeholder,"e.g., Approachable and real — I don't want to sound like a corporate script.",draft,,https://www.figma.com/design/VCjqlGu9kQVy2i5nqDxKqa/Exploration-pt-II?node-id=524-2023,segment.cs-building.intro.brandVoicePlaceholder,,,src/data/advisorSegments.ts,,data-file
395,Introduction,Meet Nyla,cs-building,placeholder,"e.g., Getting to a point where I stop worrying about whether this career is going to work.",draft,,https://www.figma.com/design/VCjqlGu9kQVy2i5nqDxKqa/Exploration-pt-II?node-id=524-2023,segment.cs-building.intro.chiefBigGoalPlaceholder,,,src/data/advisorSegments.ts,,data-file
396,Business,Growth Areas,cs-building,label,Building name flow beyond warm market,draft,,https://www.figma.com/design/VCjqlGu9kQVy2i5nqDxKqa/Exploration-pt-II?node-id=524-5692,segment.cs-building.growthAreas.nameflow.label,,,src/data/advisorSegments.ts,,data-file
397,Business,Growth Areas,cs-building,label,"New prospects, referrals",draft,,https://www.figma.com/design/VCjqlGu9kQVy2i5nqDxKqa/Exploration-pt-II?node-id=524-5692,segment.cs-building.growthAreas.nameflow.sub,,,src/data/advisorSegments.ts,,data-file
398,Business,Growth Areas,cs-building,label,Starting and handling client conversations,draft,,https://www.figma.com/design/VCjqlGu9kQVy2i5nqDxKqa/Exploration-pt-II?node-id=524-5692,segment.cs-building.growthAreas.conversations.label,,,src/data/advisorSegments.ts,,data-file
399,Business,Growth Areas,cs-building,label,"Discovery, objections, closing",draft,,https://www.figma.com/design/VCjqlGu9kQVy2i5nqDxKqa/Exploration-pt-II?node-id=524-5692,segment.cs-building.growthAreas.conversations.sub,,,src/data/advisorSegments.ts,,data-file
400,Business,Growth Areas,cs-building,label,Navigating applications and underwriting,draft,,https://www.figma.com/design/VCjqlGu9kQVy2i5nqDxKqa/Exploration-pt-II?node-id=524-5692,segment.cs-building.growthAreas.workflow.label,,,src/data/advisorSegments.ts,,data-file
401,Business,Growth Areas,cs-building,label,"Less chasing, more selling",draft,,https://www.figma.com/design/VCjqlGu9kQVy2i5nqDxKqa/Exploration-pt-II?node-id=524-5692,segment.cs-building.growthAreas.workflow.sub,,,src/data/advisorSegments.ts,,data-file
402,Business,Growth Areas,cs-building,label,Understanding how my income works,draft,,https://www.figma.com/design/VCjqlGu9kQVy2i5nqDxKqa/Exploration-pt-II?node-id=524-5692,segment.cs-building.growthAreas.income.label,,,src/data/advisorSegments.ts,,data-file
403,Business,Growth Areas,cs-building,label,"Commission, chargeback, council",draft,,https://www.figma.com/design/VCjqlGu9kQVy2i5nqDxKqa/Exploration-pt-II?node-id=524-5692,segment.cs-building.growthAreas.income.sub,,,src/data/advisorSegments.ts,,data-file
404,Business,Growth Areas,cs-building,label,Building a weekly routine that works,draft,,https://www.figma.com/design/VCjqlGu9kQVy2i5nqDxKqa/Exploration-pt-II?node-id=524-5692,segment.cs-building.growthAreas.rhythm.label,,,src/data/advisorSegments.ts,,data-file
405,Business,Growth Areas,cs-building,label,"Prospecting, meetings, follow-up",draft,,https://www.figma.com/design/VCjqlGu9kQVy2i5nqDxKqa/Exploration-pt-II?node-id=524-5692,segment.cs-building.growthAreas.rhythm.sub,,,src/data/advisorSegments.ts,,data-file
406,Business,Growth Areas,cs-building,label,Building confidence in client conversations,draft,,https://www.figma.com/design/VCjqlGu9kQVy2i5nqDxKqa/Exploration-pt-II?node-id=524-5692,segment.cs-building.growthAreas.confidence.label,,,src/data/advisorSegments.ts,,data-file
407,Business,Growth Areas,cs-building,label,"Role-play, scripts, objections",draft,,https://www.figma.com/design/VCjqlGu9kQVy2i5nqDxKqa/Exploration-pt-II?node-id=524-5692,segment.cs-building.growthAreas.confidence.sub,,,src/data/advisorSegments.ts,,data-file
408,Clients,Client Signals,cs-building,label,New leads or prospects to contact,draft,,https://www.figma.com/design/VCjqlGu9kQVy2i5nqDxKqa/Exploration-pt-II?node-id=524-6368,segment.cs-building.analystMorning.leads.label,,,src/data/advisorSegments.ts,,data-file
409,Clients,Client Signals,cs-building,label,Who to call today,draft,,https://www.figma.com/design/VCjqlGu9kQVy2i5nqDxKqa/Exploration-pt-II?node-id=524-6368,segment.cs-building.analystMorning.leads.sub,,,src/data/advisorSegments.ts,,data-file
410,Clients,Client Signals,cs-building,label,Cases and applications that need action,draft,,https://www.figma.com/design/VCjqlGu9kQVy2i5nqDxKqa/Exploration-pt-II?node-id=524-6368,segment.cs-building.analystMorning.pipeline.label,,,src/data/advisorSegments.ts,,data-file
411,Clients,Client Signals,cs-building,label,"NIGOs, status, next steps",draft,,https://www.figma.com/design/VCjqlGu9kQVy2i5nqDxKqa/Exploration-pt-II?node-id=524-6368,segment.cs-building.analystMorning.pipeline.sub,,,src/data/advisorSegments.ts,,data-file
412,Clients,Client Signals,cs-building,label,Follow-ups I haven't done yet,draft,,https://www.figma.com/design/VCjqlGu9kQVy2i5nqDxKqa/Exploration-pt-II?node-id=524-6368,segment.cs-building.analystMorning.followup.label,,,src/data/advisorSegments.ts,,data-file
413,Clients,Client Signals,cs-building,label,Who's waiting to hear from me,draft,,https://www.figma.com/design/VCjqlGu9kQVy2i5nqDxKqa/Exploration-pt-II?node-id=524-6368,segment.cs-building.analystMorning.followup.sub,,,src/data/advisorSegments.ts,,data-file
414,Clients,Client Signals,cs-building,label,Where I am vs. my income goal,draft,,https://www.figma.com/design/VCjqlGu9kQVy2i5nqDxKqa/Exploration-pt-II?node-id=524-6368,segment.cs-building.analystMorning.income.label,,,src/data/advisorSegments.ts,,data-file
415,Clients,Client Signals,cs-building,label,"This week, this month",draft,,https://www.figma.com/design/VCjqlGu9kQVy2i5nqDxKqa/Exploration-pt-II?node-id=524-6368,segment.cs-building.analystMorning.income.sub,,,src/data/advisorSegments.ts,,data-file
416,Clients,Client Signals,cs-building,label,Something to improve my craft,draft,,https://www.figma.com/design/VCjqlGu9kQVy2i5nqDxKqa/Exploration-pt-II?node-id=524-6368,segment.cs-building.analystMorning.learning.label,,,src/data/advisorSegments.ts,,data-file
417,Clients,Client Signals,cs-building,label,"A skill, scenario, or tip",draft,,https://www.figma.com/design/VCjqlGu9kQVy2i5nqDxKqa/Exploration-pt-II?node-id=524-6368,segment.cs-building.analystMorning.learning.sub,,,src/data/advisorSegments.ts,,data-file
418,Clients,Client Signals,cs-building,label,New leads assigned to me,draft,,https://www.figma.com/design/VCjqlGu9kQVy2i5nqDxKqa/Exploration-pt-II?node-id=524-6368,segment.cs-building.analystSignals.leads.label,,,src/data/advisorSegments.ts,,data-file
419,Clients,Client Signals,cs-building,label,With a 24-hour action window,draft,,https://www.figma.com/design/VCjqlGu9kQVy2i5nqDxKqa/Exploration-pt-II?node-id=524-6368,segment.cs-building.analystSignals.leads.sub,,,src/data/advisorSegments.ts,,data-file
420,Clients,Client Signals,cs-building,label,Prospects I haven't contacted recently,draft,,https://www.figma.com/design/VCjqlGu9kQVy2i5nqDxKqa/Exploration-pt-II?node-id=524-6368,segment.cs-building.analystSignals.followup.label,,,src/data/advisorSegments.ts,,data-file
421,Clients,Client Signals,cs-building,label,Who's been waiting,draft,,https://www.figma.com/design/VCjqlGu9kQVy2i5nqDxKqa/Exploration-pt-II?node-id=524-6368,segment.cs-building.analystSignals.followup.sub,,,src/data/advisorSegments.ts,,data-file
422,Clients,Client Signals,cs-building,label,NIGO and case issues that need me,draft,,https://www.figma.com/design/VCjqlGu9kQVy2i5nqDxKqa/Exploration-pt-II?node-id=524-6368,segment.cs-building.analystSignals.nigo.label,,,src/data/advisorSegments.ts,,data-file
423,Clients,Client Signals,cs-building,label,Before they delay further,draft,,https://www.figma.com/design/VCjqlGu9kQVy2i5nqDxKqa/Exploration-pt-II?node-id=524-6368,segment.cs-building.analystSignals.nigo.sub,,,src/data/advisorSegments.ts,,data-file
424,Clients,Client Signals,cs-building,label,Life events in my small book,draft,,https://www.figma.com/design/VCjqlGu9kQVy2i5nqDxKqa/Exploration-pt-II?node-id=524-6368,segment.cs-building.analystSignals.lifeevent.label,,,src/data/advisorSegments.ts,,data-file
425,Clients,Client Signals,cs-building,label,Moments to check in,draft,,https://www.figma.com/design/VCjqlGu9kQVy2i5nqDxKqa/Exploration-pt-II?node-id=524-6368,segment.cs-building.analystSignals.lifeevent.sub,,,src/data/advisorSegments.ts,,data-file
426,Clients,Client Signals,cs-building,label,When my activity is off track,draft,,https://www.figma.com/design/VCjqlGu9kQVy2i5nqDxKqa/Exploration-pt-II?node-id=524-6368,segment.cs-building.analystSignals.learning.label,,,src/data/advisorSegments.ts,,data-file
427,Clients,Client Signals,cs-building,label,So I can adjust before week's end,draft,,https://www.figma.com/design/VCjqlGu9kQVy2i5nqDxKqa/Exploration-pt-II?node-id=524-6368,segment.cs-building.analystSignals.learning.sub,,,src/data/advisorSegments.ts,,data-file
428,Goals,Practice Direction,cs-building,label,Establish a sustainable income this year,draft,,https://www.figma.com/design/VCjqlGu9kQVy2i5nqDxKqa/Exploration-pt-II?node-id=524-3208,segment.cs-building.strategistDirections.survive.label,,,src/data/advisorSegments.ts,,data-file
429,Goals,Practice Direction,cs-building,label,Make the career work financially,draft,,https://www.figma.com/design/VCjqlGu9kQVy2i5nqDxKqa/Exploration-pt-II?node-id=524-3208,segment.cs-building.strategistDirections.survive.sub,,,src/data/advisorSegments.ts,,data-file
430,Goals,Practice Direction,cs-building,label,Build a strong protection practice,draft,,https://www.figma.com/design/VCjqlGu9kQVy2i5nqDxKqa/Exploration-pt-II?node-id=524-3208,segment.cs-building.strategistDirections.protection.label,,,src/data/advisorSegments.ts,,data-file
431,Goals,Practice Direction,cs-building,label,"Life, WL, term — core products",draft,,https://www.figma.com/design/VCjqlGu9kQVy2i5nqDxKqa/Exploration-pt-II?node-id=524-3208,segment.cs-building.strategistDirections.protection.sub,,,src/data/advisorSegments.ts,,data-file
432,Goals,Practice Direction,cs-building,label,Start learning holistic conversations early,draft,,https://www.figma.com/design/VCjqlGu9kQVy2i5nqDxKqa/Exploration-pt-II?node-id=524-3208,segment.cs-building.strategistDirections.holistic.label,,,src/data/advisorSegments.ts,,data-file
433,Goals,Practice Direction,cs-building,label,Even before I'm fully licensed,draft,,https://www.figma.com/design/VCjqlGu9kQVy2i5nqDxKqa/Exploration-pt-II?node-id=524-3208,segment.cs-building.strategistDirections.holistic.sub,,,src/data/advisorSegments.ts,,data-file
434,Goals,Practice Direction,cs-building,label,Build a referral-based pipeline,draft,,https://www.figma.com/design/VCjqlGu9kQVy2i5nqDxKqa/Exploration-pt-II?node-id=524-3208,segment.cs-building.strategistDirections.referral.label,,,src/data/advisorSegments.ts,,data-file
435,Goals,Practice Direction,cs-building,label,So I'm not always starting cold,draft,,https://www.figma.com/design/VCjqlGu9kQVy2i5nqDxKqa/Exploration-pt-II?node-id=524-3208,segment.cs-building.strategistDirections.referral.sub,,,src/data/advisorSegments.ts,,data-file
436,Goals,Practice Direction,cs-building,label,Find a market or community to specialize in,draft,,https://www.figma.com/design/VCjqlGu9kQVy2i5nqDxKqa/Exploration-pt-II?node-id=524-3208,segment.cs-building.strategistDirections.niche.label,,,src/data/advisorSegments.ts,,data-file
437,Goals,Practice Direction,cs-building,label,A niche I can own,draft,,https://www.figma.com/design/VCjqlGu9kQVy2i5nqDxKqa/Exploration-pt-II?node-id=524-3208,segment.cs-building.strategistDirections.niche.sub,,,src/data/advisorSegments.ts,,data-file
438,Business,Time Drains,cs-building,label,"Finding the right tool, form, or answer",draft,,https://www.figma.com/design/VCjqlGu9kQVy2i5nqDxKqa/Exploration-pt-II?node-id=524-5907,segment.cs-building.conciergeSlows.navigation.label,,,src/data/advisorSegments.ts,,data-file
439,Business,Time Drains,cs-building,label,"Too many systems, unclear paths",draft,,https://www.figma.com/design/VCjqlGu9kQVy2i5nqDxKqa/Exploration-pt-II?node-id=524-5907,segment.cs-building.conciergeSlows.navigation.sub,,,src/data/advisorSegments.ts,,data-file
440,Business,Time Drains,cs-building,label,Submitting and tracking my first cases,draft,,https://www.figma.com/design/VCjqlGu9kQVy2i5nqDxKqa/Exploration-pt-II?node-id=524-5907,segment.cs-building.conciergeSlows.casetrack.label,,,src/data/advisorSegments.ts,,data-file
441,Business,Time Drains,cs-building,label,"Applications, NIGOs, UW updates",draft,,https://www.figma.com/design/VCjqlGu9kQVy2i5nqDxKqa/Exploration-pt-II?node-id=524-5907,segment.cs-building.conciergeSlows.casetrack.sub,,,src/data/advisorSegments.ts,,data-file
442,Business,Time Drains,cs-building,label,Admin that pulls me away from prospecting,draft,,https://www.figma.com/design/VCjqlGu9kQVy2i5nqDxKqa/Exploration-pt-II?node-id=524-5907,segment.cs-building.conciergeSlows.admin.label,,,src/data/advisorSegments.ts,,data-file
443,Business,Time Drains,cs-building,label,"Notes, logging, emails",draft,,https://www.figma.com/design/VCjqlGu9kQVy2i5nqDxKqa/Exploration-pt-II?node-id=524-5907,segment.cs-building.conciergeSlows.admin.sub,,,src/data/advisorSegments.ts,,data-file
444,Business,Time Drains,cs-building,label,Following up consistently,draft,,https://www.figma.com/design/VCjqlGu9kQVy2i5nqDxKqa/Exploration-pt-II?node-id=524-5907,segment.cs-building.conciergeSlows.followup.label,,,src/data/advisorSegments.ts,,data-file
445,Business,Time Drains,cs-building,label,I forget who's waiting on me,draft,,https://www.figma.com/design/VCjqlGu9kQVy2i5nqDxKqa/Exploration-pt-II?node-id=524-5907,segment.cs-building.conciergeSlows.followup.sub,,,src/data/advisorSegments.ts,,data-file
446,Business,Time Drains,cs-building,label,Converting initial interest to appointments,draft,,https://www.figma.com/design/VCjqlGu9kQVy2i5nqDxKqa/Exploration-pt-II?node-id=524-5907,segment.cs-building.conciergeSlows.conversions.label,,,src/data/advisorSegments.ts,,data-file
447,Business,Time Drains,cs-building,label,The reply-then-silence cycle,draft,,https://www.figma.com/design/VCjqlGu9kQVy2i5nqDxKqa/Exploration-pt-II?node-id=524-5907,segment.cs-building.conciergeSlows.conversions.sub,,,src/data/advisorSegments.ts,,data-file
448,Business,Time Drains,cs-building,label,Understanding what my income actually looks like,draft,,https://www.figma.com/design/VCjqlGu9kQVy2i5nqDxKqa/Exploration-pt-II?node-id=524-5907,segment.cs-building.conciergeSlows.income.label,,,src/data/advisorSegments.ts,,data-file
449,Business,Time Drains,cs-building,label,"Commission timing, chargebacks",draft,,https://www.figma.com/design/VCjqlGu9kQVy2i5nqDxKqa/Exploration-pt-II?node-id=524-5907,segment.cs-building.conciergeSlows.income.sub,,,src/data/advisorSegments.ts,,data-file
450,Clients,Staying Connected,cs-building,label,Personal texts or calls,draft,,https://www.figma.com/design/VCjqlGu9kQVy2i5nqDxKqa/Exploration-pt-II?node-id=524-6621,segment.cs-building.brandChannels.personal.label,,,src/data/advisorSegments.ts,,data-file
451,Clients,Staying Connected,cs-building,label,Still building my natural market,draft,,https://www.figma.com/design/VCjqlGu9kQVy2i5nqDxKqa/Exploration-pt-II?node-id=524-6621,segment.cs-building.brandChannels.personal.sub,,,src/data/advisorSegments.ts,,data-file
452,Clients,Staying Connected,cs-building,label,Social media — building my presence,draft,,https://www.figma.com/design/VCjqlGu9kQVy2i5nqDxKqa/Exploration-pt-II?node-id=524-6621,segment.cs-building.brandChannels.social.label,,,src/data/advisorSegments.ts,,data-file
453,Clients,Staying Connected,cs-building,label,"LinkedIn, Instagram, community groups",draft,,https://www.figma.com/design/VCjqlGu9kQVy2i5nqDxKqa/Exploration-pt-II?node-id=524-6621,segment.cs-building.brandChannels.social.sub,,,src/data/advisorSegments.ts,,data-file
454,Clients,Staying Connected,cs-building,label,Asking happy clients for referrals,draft,,https://www.figma.com/design/VCjqlGu9kQVy2i5nqDxKqa/Exploration-pt-II?node-id=524-6621,segment.cs-building.brandChannels.referrals.label,,,src/data/advisorSegments.ts,,data-file
455,Clients,Staying Connected,cs-building,label,My best source right now,draft,,https://www.figma.com/design/VCjqlGu9kQVy2i5nqDxKqa/Exploration-pt-II?node-id=524-6621,segment.cs-building.brandChannels.referrals.sub,,,src/data/advisorSegments.ts,,data-file
456,Clients,Staying Connected,cs-building,label,Community events and local groups,draft,,https://www.figma.com/design/VCjqlGu9kQVy2i5nqDxKqa/Exploration-pt-II?node-id=524-6621,segment.cs-building.brandChannels.events.label,,,src/data/advisorSegments.ts,,data-file
457,Clients,Staying Connected,cs-building,label,Where I meet new people,draft,,https://www.figma.com/design/VCjqlGu9kQVy2i5nqDxKqa/Exploration-pt-II?node-id=524-6621,segment.cs-building.brandChannels.events.sub,,,src/data/advisorSegments.ts,,data-file
458,Clients,Staying Connected,cs-building,label,Sharing educational content,draft,,https://www.figma.com/design/VCjqlGu9kQVy2i5nqDxKqa/Exploration-pt-II?node-id=524-6621,segment.cs-building.brandChannels.content.label,,,src/data/advisorSegments.ts,,data-file
459,Clients,Staying Connected,cs-building,label,Building trust before the ask,draft,,https://www.figma.com/design/VCjqlGu9kQVy2i5nqDxKqa/Exploration-pt-II?node-id=524-6621,segment.cs-building.brandChannels.content.sub,,,src/data/advisorSegments.ts,,data-file
460,Clients,Staying Connected,cs-building,label,I don't have a system yet,draft,,https://www.figma.com/design/VCjqlGu9kQVy2i5nqDxKqa/Exploration-pt-II?node-id=524-6621,segment.cs-building.brandChannels.nosystem.label,,,src/data/advisorSegments.ts,,data-file
461,Clients,Staying Connected,cs-building,label,I'd like one,draft,,https://www.figma.com/design/VCjqlGu9kQVy2i5nqDxKqa/Exploration-pt-II?node-id=524-6621,segment.cs-building.brandChannels.nosystem.sub,,,src/data/advisorSegments.ts,,data-file
462,Clients,Life Event Response,cs-building,label,I try to reach out — it matters to clients,draft,,https://www.figma.com/design/VCjqlGu9kQVy2i5nqDxKqa/Exploration-pt-II?node-id=524-6873,segment.cs-building.brandLifeEventInstincts.always.label,,,src/data/advisorSegments.ts,,data-file
463,Clients,Life Event Response,cs-building,label,Even if just to acknowledge,draft,,https://www.figma.com/design/VCjqlGu9kQVy2i5nqDxKqa/Exploration-pt-II?node-id=524-6873,segment.cs-building.brandLifeEventInstincts.always.sub,,,src/data/advisorSegments.ts,,data-file
464,Clients,Life Event Response,cs-building,label,I'd do it more if I knew about it sooner,draft,,https://www.figma.com/design/VCjqlGu9kQVy2i5nqDxKqa/Exploration-pt-II?node-id=524-6873,segment.cs-building.brandLifeEventInstincts.sooner.label,,,src/data/advisorSegments.ts,,data-file
465,Clients,Life Event Response,cs-building,label,I miss too many moments,draft,,https://www.figma.com/design/VCjqlGu9kQVy2i5nqDxKqa/Exploration-pt-II?node-id=524-6873,segment.cs-building.brandLifeEventInstincts.sooner.sub,,,src/data/advisorSegments.ts,,data-file
466,Clients,Life Event Response,cs-building,label,I reach out when there's a financial angle,draft,,https://www.figma.com/design/VCjqlGu9kQVy2i5nqDxKqa/Exploration-pt-II?node-id=524-6873,segment.cs-building.brandLifeEventInstincts.financial.label,,,src/data/advisorSegments.ts,,data-file
467,Clients,Life Event Response,cs-building,label,I focus on relevant moments,draft,,https://www.figma.com/design/VCjqlGu9kQVy2i5nqDxKqa/Exploration-pt-II?node-id=524-6873,segment.cs-building.brandLifeEventInstincts.financial.sub,,,src/data/advisorSegments.ts,,data-file
468,Clients,Life Event Response,cs-building,label,I'm not sure what's appropriate yet,draft,,https://www.figma.com/design/VCjqlGu9kQVy2i5nqDxKqa/Exploration-pt-II?node-id=524-6873,segment.cs-building.brandLifeEventInstincts.unsure.label,,,src/data/advisorSegments.ts,,data-file
469,Clients,Life Event Response,cs-building,label,I could use guidance on this,draft,,https://www.figma.com/design/VCjqlGu9kQVy2i5nqDxKqa/Exploration-pt-II?node-id=524-6873,segment.cs-building.brandLifeEventInstincts.unsure.sub,,,src/data/advisorSegments.ts,,data-file
470,Plan,Your Plan,cs-building,label,Walk me through my day each morning,draft,,https://www.figma.com/design/VCjqlGu9kQVy2i5nqDxKqa/Exploration-pt-II?node-id=524-9889,segment.cs-building.chiefOsStyleOptions.briefing.label,,,src/data/advisorSegments.ts,,data-file
471,Plan,Your Plan,cs-building,label,I'm still building my routine,draft,,https://www.figma.com/design/VCjqlGu9kQVy2i5nqDxKqa/Exploration-pt-II?node-id=524-9889,segment.cs-building.chiefOsStyleOptions.briefing.sub,,,src/data/advisorSegments.ts,,data-file
472,Plan,Your Plan,cs-building,label,Guide me step by step on new tasks,draft,,https://www.figma.com/design/VCjqlGu9kQVy2i5nqDxKqa/Exploration-pt-II?node-id=524-9889,segment.cs-building.chiefOsStyleOptions.stepbystep.label,,,src/data/advisorSegments.ts,,data-file
473,Plan,Your Plan,cs-building,label,"Applications, illustrations, UW",draft,,https://www.figma.com/design/VCjqlGu9kQVy2i5nqDxKqa/Exploration-pt-II?node-id=524-9889,segment.cs-building.chiefOsStyleOptions.stepbystep.sub,,,src/data/advisorSegments.ts,,data-file
474,Plan,Your Plan,cs-building,label,Check in if I haven't done my activity,draft,,https://www.figma.com/design/VCjqlGu9kQVy2i5nqDxKqa/Exploration-pt-II?node-id=524-9889,segment.cs-building.chiefOsStyleOptions.checkin.label,,,src/data/advisorSegments.ts,,data-file
475,Plan,Your Plan,cs-building,label,Help me stay consistent,draft,,https://www.figma.com/design/VCjqlGu9kQVy2i5nqDxKqa/Exploration-pt-II?node-id=524-9889,segment.cs-building.chiefOsStyleOptions.checkin.sub,,,src/data/advisorSegments.ts,,data-file
476,Plan,Your Plan,cs-building,label,Alert me when something needs action,draft,,https://www.figma.com/design/VCjqlGu9kQVy2i5nqDxKqa/Exploration-pt-II?node-id=524-9889,segment.cs-building.chiefOsStyleOptions.urgent.label,,,src/data/advisorSegments.ts,,data-file
477,Plan,Your Plan,cs-building,label,"Cases, leads, follow-ups",draft,,https://www.figma.com/design/VCjqlGu9kQVy2i5nqDxKqa/Exploration-pt-II?node-id=524-9889,segment.cs-building.chiefOsStyleOptions.urgent.sub,,,src/data/advisorSegments.ts,,data-file
478,Business,Biggest Time Drain,cs-building,tag,Figuring out where to go for what,draft,,https://www.figma.com/design/VCjqlGu9kQVy2i5nqDxKqa/Exploration-pt-II?node-id=524-6122,segment.cs-building.conciergeTimeSuggestions.[0],,,src/data/advisorSegments.ts,,data-file
479,Business,Biggest Time Drain,cs-building,tag,Manually tracking my pipeline in a spreadsheet,draft,,https://www.figma.com/design/VCjqlGu9kQVy2i5nqDxKqa/Exploration-pt-II?node-id=524-6122,segment.cs-building.conciergeTimeSuggestions.[1],,,src/data/advisorSegments.ts,,data-file
480,Business,Biggest Time Drain,cs-building,tag,Writing follow-up emails after every meeting,draft,,https://www.figma.com/design/VCjqlGu9kQVy2i5nqDxKqa/Exploration-pt-II?node-id=524-6122,segment.cs-building.conciergeTimeSuggestions.[2],,,src/data/advisorSegments.ts,,data-file
481,Business,Biggest Time Drain,cs-building,tag,Chasing NIGO updates and UW status,draft,,https://www.figma.com/design/VCjqlGu9kQVy2i5nqDxKqa/Exploration-pt-II?node-id=524-6122,segment.cs-building.conciergeTimeSuggestions.[3],,,src/data/advisorSegments.ts,,data-file
482,Business,Biggest Time Drain,cs-building,body,What's taking the most time in your week that feels like it shouldn't be your job?,draft,,https://www.figma.com/design/VCjqlGu9kQVy2i5nqDxKqa/Exploration-pt-II?node-id=524-6122,segment.cs-building.conciergeEliminatePrompt,,,src/data/advisorSegments.ts,,data-file
483,Briefing,Daily Headline,cs-leading,headline,"$6,000 in FYC is sitting on your desk today.",draft,,,briefing.cs-leading.fycInPlayLabel,advisorName,,src/data/briefingContent.ts,,data-file
484,Briefing,Daily Headline,cs-leading,body,Close two threads today and you cross 80% — Cabinet pace.,draft,,,briefing.cs-leading.ringNudge,,,src/data/briefingContent.ts,,data-file
485,Briefing,Daily Headline,cs-leading,label,9 days in a row above 80% pace,draft,,,briefing.cs-leading.streak,,,src/data/briefingContent.ts,,data-file
486,Briefing,Daily Headline,cs-leading,headline,Clear the Anderson stall before 10 — one call resets your highest-leverage close of the week.,draft,,,briefing.cs-leading.headline,,,src/data/briefingContent.ts,,data-file
487,Briefing,Daily Headline,cs-leading,body,Two threads ready to close · 2 meetings · one 10-minute call clears your biggest stall,draft,,,briefing.cs-leading.summary,,,src/data/briefingContent.ts,,data-file
488,Briefing,Daily Headline,cs-leading,body,You told the OS lapse & at-risk alerts and pipeline items come first. Anderson hits both.,draft,,,briefing.cs-leading.whyThisOrder,,,src/data/briefingContent.ts,,data-file
489,Briefing,Priority Cards,cs-leading,headline,Tom Anderson has been sitting at underwriting for 11 days on a missing form. One 10-minute call clears it.,draft,,,briefing.cs-leading.priorities.anderson.headline,,,src/data/briefingContent.ts,,data-file
490,Briefing,Priority Cards,cs-leading,tag,Urgent,draft,,,briefing.cs-leading.priorities.anderson.badge,,,src/data/briefingContent.ts,,data-file
491,Briefing,Priority Cards,cs-leading,body,Whole life app stalled at underwriting due to a missing APS medical form and Tom hasn't received the request.,draft,,,briefing.cs-leading.priorities.anderson.analysis,,,src/data/briefingContent.ts,,data-file
492,Briefing,Priority Cards,cs-leading,body,"This is a system failure, not a client failure since the form was never sent. One resend resolves it.",draft,,,briefing.cs-leading.priorities.anderson.insight,,,src/data/briefingContent.ts,,data-file
493,Briefing,Priority Cards,cs-leading,body,"Call Tom Anderson to set expectations, then resend APS request via Sales Central.",draft,,,briefing.cs-leading.priorities.anderson.recommendation,,,src/data/briefingContent.ts,,data-file
494,Briefing,Priority Cards,cs-leading,body,"You'll hit $4,200 FYC if this closes.",draft,,,briefing.cs-leading.priorities.anderson.followup,,,src/data/briefingContent.ts,,data-file
495,Briefing,Priority Cards,cs-leading,headline,Prepare for Emma Clarke's annual review at 11:00 AM,draft,,,briefing.cs-leading.priorities.clarke.headline,,,src/data/briefingContent.ts,,data-file
496,Briefing,Priority Cards,cs-leading,body,12-year client · WL + term + investment · pre-meeting brief loaded,draft,,,briefing.cs-leading.priorities.clarke.sub,,,src/data/briefingContent.ts,,data-file
497,Briefing,Priority Cards,cs-leading,tag,Prep ready,draft,,,briefing.cs-leading.priorities.clarke.badge,,,src/data/briefingContent.ts,,data-file
498,Briefing,Priority Cards,cs-leading,headline,Patricia Lau's UL policy lapses in 2 days — payment not received,draft,,,briefing.cs-leading.priorities.lau.headline,,,src/data/briefingContent.ts,,data-file
499,Briefing,Priority Cards,cs-leading,body,"Day 28 of 30 · $1,800 FYC reversal risk",draft,,,briefing.cs-leading.priorities.lau.sub,,,src/data/briefingContent.ts,,data-file
500,Briefing,Priority Cards,cs-leading,tag,Urgent,draft,,,briefing.cs-leading.priorities.lau.badge,,,src/data/briefingContent.ts,,data-file
501,Briefing,Priority Cards,cs-leading,headline,Derek Okafor prospect discovery at 2:30 PM — confirm meeting first,draft,,,briefing.cs-leading.priorities.okafor.headline,,,src/data/briefingContent.ts,,data-file
502,Briefing,Priority Cards,cs-leading,body,"Referred by Clarke · business owner, age 44, no current life coverage",draft,,,briefing.cs-leading.priorities.okafor.sub,,,src/data/briefingContent.ts,,data-file
503,Briefing,Priority Cards,cs-leading,tag,Need to prep,draft,,,briefing.cs-leading.priorities.okafor.badge,,,src/data/briefingContent.ts,,data-file
504,Briefing,Priority Cards,cs-leading,headline,Emma's business partner may need coverage — listen for the second name at close,draft,,,briefing.cs-leading.priorities.clarke-referral.headline,,,src/data/briefingContent.ts,,data-file
505,Briefing,Priority Cards,cs-leading,body,Opportunity surfaces in today's annual review,draft,,,briefing.cs-leading.priorities.clarke-referral.sub,,,src/data/briefingContent.ts,,data-file
506,Briefing,Priority Cards,cs-leading,tag,Opportunity,draft,,,briefing.cs-leading.priorities.clarke-referral.badge,,,src/data/briefingContent.ts,,data-file
507,Briefing,Priority Cards,cs-leading,headline,James Holloway turns 45 in six months — WL age-change deadline approaching,draft,,,briefing.cs-leading.priorities.holloway.headline,,,src/data/briefingContent.ts,,data-file
508,Briefing,Priority Cards,cs-leading,body,Add to next-week contact list,draft,,,briefing.cs-leading.priorities.holloway.sub,,,src/data/briefingContent.ts,,data-file
509,Briefing,Priority Cards,cs-leading,tag,Monitor,draft,,,briefing.cs-leading.priorities.holloway.badge,,,src/data/briefingContent.ts,,data-file
510,Briefing,Schedule,cs-leading,label,Office open / admin block,draft,,,briefing.cs-leading.schedule.admin.title,,,src/data/briefingContent.ts,,data-file
511,Briefing,Schedule,cs-leading,body,"Anderson follow-up call, inbox triage, pipeline review. Target: clear the APS hold before 10.",draft,,,briefing.cs-leading.schedule.admin.body,,,src/data/briefingContent.ts,,data-file
512,Briefing,Schedule,cs-leading,label,Emma Clarke — Annual Review,draft,,,briefing.cs-leading.schedule.clarke.title,,,src/data/briefingContent.ts,,data-file
513,Briefing,Schedule,cs-leading,body,"12-year client, WL + term + investment account. Key agenda: beneficiary update (catch before she notices), fee-based rollover conversation ($210K), college funding gap. See pre-meeting brief for full pack.",draft,,,briefing.cs-leading.schedule.clarke.body,,,src/data/briefingContent.ts,,data-file
514,Briefing,Schedule,cs-leading,label,Derek Okafor — Prospect discovery,draft,,,briefing.cs-leading.schedule.okafor.title,,,src/data/briefingContent.ts,,data-file
515,Briefing,Schedule,cs-leading,body,"Referred by Clarke. Business owner, age 44, no current life coverage. Target: term + DI conversation. Confirm meeting — he was only verbal-committed.",draft,,,briefing.cs-leading.schedule.okafor.body,,,src/data/briefingContent.ts,,data-file
516,Briefing,Schedule,cs-leading,label,End-of-day wrap,draft,,,briefing.cs-leading.schedule.wrap.title,,,src/data/briefingContent.ts,,data-file
517,Briefing,Schedule,cs-leading,body,"Log meeting notes, queue follow-ups, update pipeline. Flag Okafor for Concierge scheduling.",draft,,,briefing.cs-leading.schedule.wrap.body,,,src/data/briefingContent.ts,,data-file
518,Briefing,Client Signals,cs-leading,headline,Patricia Lau — policy lapse warning (day 28 of 30),draft,,,briefing.cs-leading.signals.lau.title,,,src/data/briefingContent.ts,,data-file
519,Briefing,Client Signals,cs-leading,body,UL policy. Premium payment not received. Two days before lapse.,draft,,,briefing.cs-leading.signals.lau.body,,,src/data/briefingContent.ts,,data-file
520,Briefing,Client Signals,cs-leading,cta,Call today or queue automated payment reminder via GuideMe,draft,,,briefing.cs-leading.signals.lau.action,,,src/data/briefingContent.ts,,data-file
521,Briefing,Client Signals,cs-leading,headline,James Holloway — half birthday alert,draft,,,briefing.cs-leading.signals.holloway.title,,,src/data/briefingContent.ts,,data-file
522,Briefing,Client Signals,cs-leading,body,Turns 45 in 6 months. WL age-change deadline approaching.,draft,,,briefing.cs-leading.signals.holloway.body,,,src/data/briefingContent.ts,,data-file
523,Briefing,Client Signals,cs-leading,cta,No action today; add to next-week contact list,draft,,,briefing.cs-leading.signals.holloway.action,,,src/data/briefingContent.ts,,data-file
524,Briefing,Client Signals,cs-leading,headline,Clarke meeting — second referral opportunity,draft,,,briefing.cs-leading.signals.clarke-referral.title,,,src/data/briefingContent.ts,,data-file
525,Briefing,Client Signals,cs-leading,body,Emma mentioned her business partner may also need coverage.,draft,,,briefing.cs-leading.signals.clarke-referral.body,,,src/data/briefingContent.ts,,data-file
526,Briefing,Client Signals,cs-leading,cta,Prepare referral ask at close — the mood after the beneficiary catch will be right,draft,,,briefing.cs-leading.signals.clarke-referral.action,,,src/data/briefingContent.ts,,data-file
527,Briefing,Autonomous Actions,cs-leading,label,Resent Anderson APS reminder,draft,,,briefing.cs-leading.autonomous.a1.label,,,src/data/briefingContent.ts,,data-file
528,Briefing,Autonomous Actions,cs-leading,label,Sales Central · 7:48 AM,draft,,,briefing.cs-leading.autonomous.a1.meta,,,src/data/briefingContent.ts,,data-file
529,Briefing,Autonomous Actions,cs-leading,body,Re-sent the APS medical form request to Tom Anderson via Sales Central with a follow-up SMS scheduled if not signed by 9:00 AM.,draft,,,briefing.cs-leading.autonomous.a1.summary,,,src/data/briefingContent.ts,,data-file
530,Briefing,Autonomous Actions,cs-leading,label,Assembled Clarke meeting pack,draft,,,briefing.cs-leading.autonomous.a2.label,,,src/data/briefingContent.ts,,data-file
531,Briefing,Autonomous Actions,cs-leading,label,Pre-meeting brief · 8:02 AM,draft,,,briefing.cs-leading.autonomous.a2.meta,,,src/data/briefingContent.ts,,data-file
532,Briefing,Autonomous Actions,cs-leading,body,"Built Emma Clarke's full annual-review brief — beneficiary catch, 401(k) rollover, and college funding ready to lead with.",draft,,,briefing.cs-leading.autonomous.a2.summary,,,src/data/briefingContent.ts,,data-file
533,Briefing,Autonomous Actions,cs-leading,label,Queued Lau payment reminder,draft,,,briefing.cs-leading.autonomous.a3.label,,,src/data/briefingContent.ts,,data-file
534,Briefing,Autonomous Actions,cs-leading,label,GuideMe · queued for 9:00 AM send,draft,,,briefing.cs-leading.autonomous.a3.meta,,,src/data/briefingContent.ts,,data-file
535,Briefing,Autonomous Actions,cs-leading,body,Queued a GuideMe payment reminder for Patricia Lau's UL policy (day 28 of 30). You can hold it and call instead.,draft,,,briefing.cs-leading.autonomous.a3.summary,,,src/data/briefingContent.ts,,data-file
536,Briefing,Autonomous Actions,cs-leading,label,Triaged 23 inbox items,draft,,,briefing.cs-leading.autonomous.a4.label,,,src/data/briefingContent.ts,,data-file
537,Briefing,Autonomous Actions,cs-leading,label,Concierge · filed overnight,draft,,,briefing.cs-leading.autonomous.a4.meta,,,src/data/briefingContent.ts,,data-file
538,Briefing,Autonomous Actions,cs-leading,body,"Concierge sorted 23 overnight inbox items. 18 routed/auto-replied, 5 await your eyes.",draft,,,briefing.cs-leading.autonomous.a4.summary,,,src/data/briefingContent.ts,,data-file
539,Briefing,Autonomous Actions,cs-leading,label,Refreshed pipeline state,draft,,,briefing.cs-leading.autonomous.a5.label,,,src/data/briefingContent.ts,,data-file
540,Briefing,Autonomous Actions,cs-leading,label,7 open cases · 1 stuck on client docs,draft,,,briefing.cs-leading.autonomous.a5.meta,,,src/data/briefingContent.ts,,data-file
541,Briefing,Autonomous Actions,cs-leading,body,7 open cases re-scored. Anderson is the only one stuck — everything else has a clear next step.,draft,,,briefing.cs-leading.autonomous.a5.summary,,,src/data/briefingContent.ts,,data-file
542,Briefing,Daily Headline,hl-accelerating,headline,"$8,200 in FYC is in play today.",draft,,,briefing.hl-accelerating.fycInPlayLabel,advisorName,,src/data/briefingContent.ts,,data-file
543,Briefing,Daily Headline,hl-accelerating,body,One holistic conversation today moves your monthly pace from 27% to 38%.,draft,,,briefing.hl-accelerating.ringNudge,,,src/data/briefingContent.ts,,data-file
544,Briefing,Daily Headline,hl-accelerating,label,Holistic-talk-track readiness: 100%,draft,,,briefing.hl-accelerating.streak,,,src/data/briefingContent.ts,,data-file
545,Briefing,Daily Headline,hl-accelerating,headline,Open Helena's holistic chapter at 10:30 — the move your plan has been waiting for.,draft,,,briefing.hl-accelerating.headline,,,src/data/briefingContent.ts,,data-file
546,Briefing,Daily Headline,hl-accelerating,body,2 items require your attention · 1 client meeting today · 1 holistic opening this week,draft,,,briefing.hl-accelerating.summary,,,src/data/briefingContent.ts,,data-file
547,Briefing,Daily Headline,hl-accelerating,body,You said holistic openings and life events matter most. Helena's the rare moment where both line up.,draft,,,briefing.hl-accelerating.whyThisOrder,,,src/data/briefingContent.ts,,data-file
548,Briefing,Priority Cards,hl-accelerating,headline,"Helena Garcia just turned 58 and is engaging with retirement content. Park morning prep until 10:30, then make the call.",draft,,,briefing.hl-accelerating.priorities.helena.headline,,,src/data/briefingContent.ts,,data-file
549,Briefing,Priority Cards,hl-accelerating,tag,Opportunity,draft,,,briefing.hl-accelerating.priorities.helena.badge,,,src/data/briefingContent.ts,,data-file
550,Briefing,Priority Cards,hl-accelerating,body,Helena just crossed the pre-60 milestone. Three retirement-readiness articles opened in 7 days; engagement score jumped from 23 to 41.,draft,,,briefing.hl-accelerating.priorities.helena.analysis,,,src/data/briefingContent.ts,,data-file
551,Briefing,Priority Cards,hl-accelerating,body,This is the holistic opening you've been waiting for.,draft,,,briefing.hl-accelerating.priorities.helena.insight,,,src/data/briefingContent.ts,,data-file
552,Briefing,Priority Cards,hl-accelerating,body,"Draft a warm reconnection that frames the milestone, not the rate.",draft,,,briefing.hl-accelerating.priorities.helena.recommendation,,,src/data/briefingContent.ts,,data-file
553,Briefing,Priority Cards,hl-accelerating,body,You said holistic openings and life events matter most. This is both.,draft,,,briefing.hl-accelerating.priorities.helena.followup,,,src/data/briefingContent.ts,,data-file
554,Briefing,Priority Cards,hl-accelerating,headline,Leela Patel's annual review at 11:00 AM — cross-sell entry point identified,draft,,,briefing.hl-accelerating.priorities.patel.headline,,,src/data/briefingContent.ts,,data-file
555,Briefing,Priority Cards,hl-accelerating,body,Household grew · $1.2M term right-sized to a smaller household · education funding angle,draft,,,briefing.hl-accelerating.priorities.patel.sub,,,src/data/briefingContent.ts,,data-file
556,Briefing,Priority Cards,hl-accelerating,tag,Prep ready,draft,,,briefing.hl-accelerating.priorities.patel.badge,,,src/data/briefingContent.ts,,data-file
557,Briefing,Priority Cards,hl-accelerating,headline,Janet Henderson moved to a coastal household — coverage gap on the new property,draft,,,briefing.hl-accelerating.priorities.janet.headline,,,src/data/briefingContent.ts,,data-file
558,Briefing,Priority Cards,hl-accelerating,body,30-day post-move window · review pack queued by Strategist,draft,,,briefing.hl-accelerating.priorities.janet.sub,,,src/data/briefingContent.ts,,data-file
559,Briefing,Priority Cards,hl-accelerating,tag,Monitor,draft,,,briefing.hl-accelerating.priorities.janet.badge,,,src/data/briefingContent.ts,,data-file
560,Briefing,Priority Cards,hl-accelerating,headline,"Tom Anderson application stalled, day 11 — underwriting hold on a missing APS",draft,,,briefing.hl-accelerating.priorities.tom-stall.headline,,,src/data/briefingContent.ts,,data-file
561,Briefing,Priority Cards,hl-accelerating,body,Resend via Sales Central today; this kills momentum on close,draft,,,briefing.hl-accelerating.priorities.tom-stall.sub,,,src/data/briefingContent.ts,,data-file
562,Briefing,Priority Cards,hl-accelerating,tag,Urgent,draft,,,briefing.hl-accelerating.priorities.tom-stall.badge,,,src/data/briefingContent.ts,,data-file
563,Briefing,Priority Cards,hl-accelerating,headline,Holistic talk-track drill loaded for 1:00 PM,draft,,,briefing.hl-accelerating.priorities.drill.headline,,,src/data/briefingContent.ts,,data-file
564,Briefing,Priority Cards,hl-accelerating,body,Strategist queued the Helena prep card · 5-min run before the call,draft,,,briefing.hl-accelerating.priorities.drill.sub,,,src/data/briefingContent.ts,,data-file
565,Briefing,Priority Cards,hl-accelerating,tag,Need to prep,draft,,,briefing.hl-accelerating.priorities.drill.badge,,,src/data/briefingContent.ts,,data-file
566,Briefing,Schedule,hl-accelerating,label,Plan the day · review pipeline,draft,,,briefing.hl-accelerating.schedule.plan.title,,,src/data/briefingContent.ts,,data-file
567,Briefing,Schedule,hl-accelerating,body,"Three open cases, one stalled at NIGO. Helena outreach drafted by Brand Advocate — review and send.",draft,,,briefing.hl-accelerating.schedule.plan.body,,,src/data/briefingContent.ts,,data-file
568,Briefing,Schedule,hl-accelerating,label,Leela Patel — annual review window opens,draft,,,briefing.hl-accelerating.schedule.patel.title,,,src/data/briefingContent.ts,,data-file
569,Briefing,Schedule,hl-accelerating,body,"Household grew (second dependent, new home). $1.2M term right-sized to a smaller household — talking points loaded.",draft,,,briefing.hl-accelerating.schedule.patel.body,,,src/data/briefingContent.ts,,data-file
570,Briefing,Schedule,hl-accelerating,label,Cross-sell prep · holistic talk-track drill,draft,,,briefing.hl-accelerating.schedule.block.title,,,src/data/briefingContent.ts,,data-file
571,Briefing,Schedule,hl-accelerating,body,Strategist queued the Helena prep card. Voice-over rehearsal: 5 min. Run before the call.,draft,,,briefing.hl-accelerating.schedule.block.body,,,src/data/briefingContent.ts,,data-file
572,Briefing,Schedule,hl-accelerating,label,End-of-day wrap,draft,,,briefing.hl-accelerating.schedule.wrap.title,,,src/data/briefingContent.ts,,data-file
573,Briefing,Schedule,hl-accelerating,body,Log Helena outreach. Confirm Patel next-touch on 529 conversation. Flag any new signals.,draft,,,briefing.hl-accelerating.schedule.wrap.body,,,src/data/briefingContent.ts,,data-file
574,Briefing,Client Signals,hl-accelerating,headline,Helena Garcia — engagement spike on retirement content,draft,,,briefing.hl-accelerating.signals.helena.title,,,src/data/briefingContent.ts,,data-file
575,Briefing,Client Signals,hl-accelerating,body,3 retirement-readiness articles opened in 7 days. Score jumped from 23 → 41.,draft,,,briefing.hl-accelerating.signals.helena.body,,,src/data/briefingContent.ts,,data-file
576,Briefing,Client Signals,hl-accelerating,cta,"Lead with curiosity, not the rate.",draft,,,briefing.hl-accelerating.signals.helena.action,,,src/data/briefingContent.ts,,data-file
577,Briefing,Client Signals,hl-accelerating,headline,Janet Henderson — new address detected,draft,,,briefing.hl-accelerating.signals.henderson.title,,,src/data/briefingContent.ts,,data-file
578,Briefing,Client Signals,hl-accelerating,body,Coastal household in a flood-risk zone. Coverage gap on the new property.,draft,,,briefing.hl-accelerating.signals.henderson.body,,,src/data/briefingContent.ts,,data-file
579,Briefing,Client Signals,hl-accelerating,cta,Add to this week — review pack queued by Strategist,draft,,,briefing.hl-accelerating.signals.henderson.action,,,src/data/briefingContent.ts,,data-file
580,Briefing,Client Signals,hl-accelerating,headline,"Tom Anderson — application stalled, day 11",draft,,,briefing.hl-accelerating.signals.tom-stall.title,,,src/data/briefingContent.ts,,data-file
581,Briefing,Client Signals,hl-accelerating,body,Underwriting hold on a missing APS form.,draft,,,briefing.hl-accelerating.signals.tom-stall.body,,,src/data/briefingContent.ts,,data-file
582,Briefing,Client Signals,hl-accelerating,cta,Resend APS via Sales Central today,draft,,,briefing.hl-accelerating.signals.tom-stall.action,,,src/data/briefingContent.ts,,data-file
583,Briefing,Autonomous Actions,hl-accelerating,label,Drafted Helena reconnection,draft,,,briefing.hl-accelerating.autonomous.a1.label,,,src/data/briefingContent.ts,,data-file
584,Briefing,Autonomous Actions,hl-accelerating,label,Brand Advocate · matched your voice,draft,,,briefing.hl-accelerating.autonomous.a1.meta,,,src/data/briefingContent.ts,,data-file
585,Briefing,Autonomous Actions,hl-accelerating,body,"A warm, milestone-first reconnection drafted in your voice. Frames the pre-60 planning window, not the rate.",draft,,,briefing.hl-accelerating.autonomous.a1.summary,,,src/data/briefingContent.ts,,data-file
586,Briefing,Autonomous Actions,hl-accelerating,label,Loaded Patel review pack,draft,,,briefing.hl-accelerating.autonomous.a2.label,,,src/data/briefingContent.ts,,data-file
587,Briefing,Autonomous Actions,hl-accelerating,label,Intelligence Analyst · cross-sell notes,draft,,,briefing.hl-accelerating.autonomous.a2.meta,,,src/data/briefingContent.ts,,data-file
588,Briefing,Autonomous Actions,hl-accelerating,body,"Leela's review pack is ready. Household grew (baby #2 in February), term is right-sized to the old household, education gap surfaced.",draft,,,briefing.hl-accelerating.autonomous.a2.summary,,,src/data/briefingContent.ts,,data-file
589,Briefing,Autonomous Actions,hl-accelerating,label,Queued holistic talk-track drill,draft,,,briefing.hl-accelerating.autonomous.a3.label,,,src/data/briefingContent.ts,,data-file
590,Briefing,Autonomous Actions,hl-accelerating,label,Coach · 5-min run before 10:30,draft,,,briefing.hl-accelerating.autonomous.a3.meta,,,src/data/briefingContent.ts,,data-file
591,Briefing,Autonomous Actions,hl-accelerating,body,"A 5-minute Coach drill on the holistic talk-track, tuned to a pre-60 milestone conversation. Three roleplay beats.",draft,,,briefing.hl-accelerating.autonomous.a3.summary,,,src/data/briefingContent.ts,,data-file
592,Briefing,Autonomous Actions,hl-accelerating,label,Flagged Janet flood-risk gap,draft,,,briefing.hl-accelerating.autonomous.a4.label,,,src/data/briefingContent.ts,,data-file
593,Briefing,Autonomous Actions,hl-accelerating,label,Signals · review by Friday,draft,,,briefing.hl-accelerating.autonomous.a4.meta,,,src/data/briefingContent.ts,,data-file
594,Briefing,Autonomous Actions,hl-accelerating,body,Janet moved to a coastal address in March; FEMA Zone AE flood map shows risk her current household coverage does not address.,draft,,,briefing.hl-accelerating.autonomous.a4.summary,,,src/data/briefingContent.ts,,data-file
595,Briefing,Autonomous Actions,hl-accelerating,label,Filed yesterday's NIGO update,draft,,,briefing.hl-accelerating.autonomous.a5.label,,,src/data/briefingContent.ts,,data-file
596,Briefing,Autonomous Actions,hl-accelerating,label,Concierge · case status refreshed,draft,,,briefing.hl-accelerating.autonomous.a5.meta,,,src/data/briefingContent.ts,,data-file
597,Briefing,Autonomous Actions,hl-accelerating,body,Yesterday's NIGO on the Reyes term app was an SSN format issue. Concierge corrected it overnight.,draft,,,briefing.hl-accelerating.autonomous.a5.summary,,,src/data/briefingContent.ts,,data-file
598,Briefing,Daily Headline,cs-building,headline,"$1,200 in FYC is one signature away.",draft,,,briefing.cs-building.fycInPlayLabel,advisorName,,src/data/briefingContent.ts,,data-file
599,Briefing,Daily Headline,cs-building,body,Land Nguyen today and you cross 25% — first time this year.,draft,,,briefing.cs-building.ringNudge,,,src/data/briefingContent.ts,,data-file
600,Briefing,Daily Headline,cs-building,label,Activity up 22% this month,draft,,,briefing.cs-building.streak,,,src/data/briefingContent.ts,,data-file
601,Briefing,Daily Headline,cs-building,headline,Get the Nguyen signature today — your first close of the week is one resend away.,draft,,,briefing.cs-building.headline,,,src/data/briefingContent.ts,,data-file
602,Briefing,Daily Headline,cs-building,body,2 items require your attention · 1 prospect call today · 4 follow-ups owed,draft,,,briefing.cs-building.summary,,,src/data/briefingContent.ts,,data-file
603,Briefing,Daily Headline,cs-building,body,"You said the OS should help you keep the rhythm and call out when momentum dips. This week, the rhythm is on — Coach is pointing at confidence, not pace.",draft,,,briefing.cs-building.whyThisOrder,,,src/data/briefingContent.ts,,data-file
604,Briefing,Priority Cards,cs-building,headline,"Nguyen application — DocuSign reminder pending, day 5. Resend before noon.",draft,,,briefing.cs-building.priorities.nguyen.headline,,,src/data/briefingContent.ts,,data-file
605,Briefing,Priority Cards,cs-building,body,"Standard send-twice-then-call pattern · est. first commission: $1,400",draft,,,briefing.cs-building.priorities.nguyen.sub,,,src/data/briefingContent.ts,,data-file
606,Briefing,Priority Cards,cs-building,tag,Urgent,draft,,,briefing.cs-building.priorities.nguyen.badge,,,src/data/briefingContent.ts,,data-file
607,Briefing,Priority Cards,cs-building,body,Application complete and submitted. Client hasn't returned the electronic signature.,draft,,,briefing.cs-building.priorities.nguyen.analysis,,,src/data/briefingContent.ts,,data-file
608,Briefing,Priority Cards,cs-building,body,This is your first close. The send-twice-then-call pattern is your training playbook — don't deviate.,draft,,,briefing.cs-building.priorities.nguyen.insight,,,src/data/briefingContent.ts,,data-file
609,Briefing,Priority Cards,cs-building,body,"Resend the DocuSign reminder, then text Nguyen to confirm receipt.",draft,,,briefing.cs-building.priorities.nguyen.recommendation,,,src/data/briefingContent.ts,,data-file
610,Briefing,Priority Cards,cs-building,body,"Est. first commission: $1,400.",draft,,,briefing.cs-building.priorities.nguyen.followup,,,src/data/briefingContent.ts,,data-file
611,Briefing,Priority Cards,cs-building,headline,Paul Reyes fact-finding (virtual) at 11:00 AM — referred by M. Rosenthal,draft,,,briefing.cs-building.priorities.reyes.headline,,,src/data/briefingContent.ts,,data-file
612,Briefing,Priority Cards,cs-building,body,"Married, two kids, freelance income · lead with goals, not products",draft,,,briefing.cs-building.priorities.reyes.sub,,,src/data/briefingContent.ts,,data-file
613,Briefing,Priority Cards,cs-building,tag,Prep ready,draft,,,briefing.cs-building.priorities.reyes.badge,,,src/data/briefingContent.ts,,data-file
614,Briefing,Priority Cards,cs-building,headline,"Your activity is up 22% this month — 11 contacts, 4 fact-finds, 1 close pending",draft,,,briefing.cs-building.priorities.momentum.headline,,,src/data/briefingContent.ts,,data-file
615,Briefing,Priority Cards,cs-building,body,Above your weekly target three weeks running,draft,,,briefing.cs-building.priorities.momentum.sub,,,src/data/briefingContent.ts,,data-file
616,Briefing,Priority Cards,cs-building,tag,On pace,draft,,,briefing.cs-building.priorities.momentum.badge,,,src/data/briefingContent.ts,,data-file
617,Briefing,Priority Cards,cs-building,headline,M. Rosenthal sent two referrals in a month — worth a thank-you,draft,,,briefing.cs-building.priorities.rosenthal.headline,,,src/data/briefingContent.ts,,data-file
618,Briefing,Priority Cards,cs-building,body,Brand Advocate drafted a note · review and send before Friday,draft,,,briefing.cs-building.priorities.rosenthal.sub,,,src/data/briefingContent.ts,,data-file
619,Briefing,Priority Cards,cs-building,tag,Monitor,draft,,,briefing.cs-building.priorities.rosenthal.badge,,,src/data/briefingContent.ts,,data-file
620,Briefing,Priority Cards,cs-building,headline,4-min retirement-income objection drill loaded for the Reyes call,draft,,,briefing.cs-building.priorities.drill.headline,,,src/data/briefingContent.ts,,data-file
621,Briefing,Priority Cards,cs-building,body,"Coach pointed at confidence, not pace — based on your onboarding answers",draft,,,briefing.cs-building.priorities.drill.sub,,,src/data/briefingContent.ts,,data-file
622,Briefing,Priority Cards,cs-building,tag,Need to prep,draft,,,briefing.cs-building.priorities.drill.badge,,,src/data/briefingContent.ts,,data-file
623,Briefing,Schedule,cs-building,label,Plan the day · 4 follow-ups owed,draft,,,briefing.cs-building.schedule.admin.title,,,src/data/briefingContent.ts,,data-file
624,Briefing,Schedule,cs-building,body,"Adams (call), Reyes (text), Patel (email), Chen (text). All warm. Brand Advocate drafted three of them.",draft,,,briefing.cs-building.schedule.admin.body,,,src/data/briefingContent.ts,,data-file
625,Briefing,Schedule,cs-building,label,Paul Reyes — fact-finding (virtual),draft,,,briefing.cs-building.schedule.reyes.title,,,src/data/briefingContent.ts,,data-file
626,Briefing,Schedule,cs-building,body,"Referred by M. Rosenthal. Married, two kids, freelance income. Lead with goals, not products.",draft,,,briefing.cs-building.schedule.reyes.body,,,src/data/briefingContent.ts,,data-file
627,Briefing,Schedule,cs-building,label,Cold outreach block · Coach drilled this with you,draft,,,briefing.cs-building.schedule.prospecting.title,,,src/data/briefingContent.ts,,data-file
628,Briefing,Schedule,cs-building,body,6 new contacts queued from the warm-warm cohort. Pick 3 and call.,draft,,,briefing.cs-building.schedule.prospecting.body,,,src/data/briefingContent.ts,,data-file
629,Briefing,Schedule,cs-building,label,End-of-day wrap,draft,,,briefing.cs-building.schedule.wrap.title,,,src/data/briefingContent.ts,,data-file
630,Briefing,Schedule,cs-building,body,"Log Reyes notes, schedule the follow-up, queue tomorrow.",draft,,,briefing.cs-building.schedule.wrap.body,,,src/data/briefingContent.ts,,data-file
631,Briefing,Client Signals,cs-building,headline,Your activity is up 22% this month,draft,,,briefing.cs-building.signals.income.title,,,src/data/briefingContent.ts,,data-file
632,Briefing,Client Signals,cs-building,body,"11 new contacts, 4 fact-finds, 1 close pending. Above your weekly target three weeks running.",draft,,,briefing.cs-building.signals.income.body,,,src/data/briefingContent.ts,,data-file
633,Briefing,Client Signals,cs-building,cta,Keep the rhythm. Coach will surface a milestone callout at week's end.,draft,,,briefing.cs-building.signals.income.action,,,src/data/briefingContent.ts,,data-file
634,Briefing,Client Signals,cs-building,headline,M. Rosenthal — referral source warming,draft,,,briefing.cs-building.signals.rosenthal.title,,,src/data/briefingContent.ts,,data-file
635,Briefing,Client Signals,cs-building,body,Two referrals in a month from one COI. Worth a thank-you message and a check-in.,draft,,,briefing.cs-building.signals.rosenthal.body,,,src/data/briefingContent.ts,,data-file
636,Briefing,Client Signals,cs-building,cta,Brand Advocate drafted a thank-you · review and send before Friday,draft,,,briefing.cs-building.signals.rosenthal.action,,,src/data/briefingContent.ts,,data-file
637,Briefing,Client Signals,cs-building,headline,Coach: a 4-min objection drill on retirement-income questions,draft,,,briefing.cs-building.signals.learning.title,,,src/data/briefingContent.ts,,data-file
638,Briefing,Client Signals,cs-building,body,You flagged confidence as a focus area.,draft,,,briefing.cs-building.signals.learning.body,,,src/data/briefingContent.ts,,data-file
639,Briefing,Client Signals,cs-building,cta,Start the 4-min drill now,draft,,,briefing.cs-building.signals.learning.action,,,src/data/briefingContent.ts,,data-file
640,Briefing,Autonomous Actions,cs-building,label,Resent Nguyen DocuSign reminder,draft,,,briefing.cs-building.autonomous.a1.label,,,src/data/briefingContent.ts,,data-file
641,Briefing,Autonomous Actions,cs-building,label,Concierge · 7:55 AM,draft,,,briefing.cs-building.autonomous.a1.meta,,,src/data/briefingContent.ts,,data-file
642,Briefing,Autonomous Actions,cs-building,body,Re-sent the DocuSign envelope to Nguyen with a short personalized note. Day 5 of 7.,draft,,,briefing.cs-building.autonomous.a1.summary,,,src/data/briefingContent.ts,,data-file
643,Briefing,Autonomous Actions,cs-building,label,Drafted Adams + Reyes follow-ups,draft,,,briefing.cs-building.autonomous.a2.label,,,src/data/briefingContent.ts,,data-file
644,Briefing,Autonomous Actions,cs-building,label,Brand Advocate · review before send,draft,,,briefing.cs-building.autonomous.a2.meta,,,src/data/briefingContent.ts,,data-file
645,Briefing,Autonomous Actions,cs-building,body,Two warm follow-ups drafted in your voice — both wait for your sign-off before sending.,draft,,,briefing.cs-building.autonomous.a2.summary,,,src/data/briefingContent.ts,,data-file
646,Briefing,Autonomous Actions,cs-building,label,Queued 6 contacts for the afternoon,draft,,,briefing.cs-building.autonomous.a3.label,,,src/data/briefingContent.ts,,data-file
647,Briefing,Autonomous Actions,cs-building,label,Coach · warm-warm cohort,draft,,,briefing.cs-building.autonomous.a3.meta,,,src/data/briefingContent.ts,,data-file
648,Briefing,Autonomous Actions,cs-building,body,"6 warm contacts queued for your 1:00 PM block — all ""warm-warm"" (no cold calls), each with a written opener.",draft,,,briefing.cs-building.autonomous.a3.summary,,,src/data/briefingContent.ts,,data-file
649,Briefing,Autonomous Actions,cs-building,label,Loaded retirement-income drill,draft,,,briefing.cs-building.autonomous.a4.label,,,src/data/briefingContent.ts,,data-file
650,Briefing,Autonomous Actions,cs-building,label,Coach · 4 min · for the Reyes call,draft,,,briefing.cs-building.autonomous.a4.meta,,,src/data/briefingContent.ts,,data-file
651,Briefing,Autonomous Actions,cs-building,body,"A 4-minute Coach drill on the most common retirement-income objection, tuned for Paul Reyes.",draft,,,briefing.cs-building.autonomous.a4.summary,,,src/data/briefingContent.ts,,data-file
652,Briefing,Autonomous Actions,cs-building,label,Logged yesterday's 11 contacts,draft,,,briefing.cs-building.autonomous.a5.label,,,src/data/briefingContent.ts,,data-file
653,Briefing,Autonomous Actions,cs-building,label,Concierge · activity refreshed,draft,,,briefing.cs-building.autonomous.a5.meta,,,src/data/briefingContent.ts,,data-file
654,Briefing,Autonomous Actions,cs-building,body,Concierge logged yesterday's 11 client contacts. You are 22% above weekly target.,draft,,,briefing.cs-building.autonomous.a5.summary,,,src/data/briefingContent.ts,,data-file
655,Pre-Meeting Brief,Emma Clarke — Annual Review,cs-leading,headline,Emma Clarke — Annual Review,draft,,,brief.clarke.title,,,src/data/briefingContent.ts,,data-file
656,Pre-Meeting Brief,Emma Clarke — Annual Review,cs-leading,body,"Emma is your most engaged multi-product client. This meeting has two jobs: (1) deepen trust by catching the beneficiary gap before she finds it, and (2) open the fee-based planning conversation — she is ready but has not been asked directly.",draft,,,brief.clarke.bottomLine,,,src/data/briefingContent.ts,,data-file
657,Pre-Meeting Brief,Emma Clarke — Annual Review,cs-leading,headline,Beneficiary on WL policy not updated since 2012,draft,,,brief.clarke.needs.beneficiary.title,,,src/data/briefingContent.ts,,data-file
658,Pre-Meeting Brief,Emma Clarke — Annual Review,cs-leading,body,Still lists ex-husband as primary beneficiary. Catch it before she does — this is what a great advisor looks like.,draft,,,brief.clarke.needs.beneficiary.body,,,src/data/briefingContent.ts,,data-file
659,Pre-Meeting Brief,Emma Clarke — Annual Review,cs-leading,tag,Fix today,draft,,,brief.clarke.needs.beneficiary.badge,,,src/data/briefingContent.ts,,data-file
660,Pre-Meeting Brief,Emma Clarke — Annual Review,cs-leading,headline,Old 401(k) rollover — $210K sitting at prior employer,draft,,,brief.clarke.needs.rollover.title,,,src/data/briefingContent.ts,,data-file
661,Pre-Meeting Brief,Emma Clarke — Annual Review,cs-leading,body,She has not acted. This is the fee-based conversation entry point.,draft,,,brief.clarke.needs.rollover.body,,,src/data/briefingContent.ts,,data-file
662,Pre-Meeting Brief,Emma Clarke — Annual Review,cs-leading,tag,Opportunity,draft,,,brief.clarke.needs.rollover.badge,,,src/data/briefingContent.ts,,data-file
663,Pre-Meeting Brief,Emma Clarke — Annual Review,cs-leading,headline,College funding gap — oldest child starts in 14 months,draft,,,brief.clarke.needs.college.title,,,src/data/briefingContent.ts,,data-file
664,Pre-Meeting Brief,Emma Clarke — Annual Review,cs-leading,body,529 balance: $44K. Estimated need: $80K+. This year it is urgent — the clock is visible now.,draft,,,brief.clarke.needs.college.body,,,src/data/briefingContent.ts,,data-file
665,Pre-Meeting Brief,Emma Clarke — Annual Review,cs-leading,tag,Discuss,draft,,,brief.clarke.needs.college.badge,,,src/data/briefingContent.ts,,data-file
666,Pre-Meeting Brief,Emma Clarke — Annual Review,cs-leading,label,Lead with the beneficiary catch,draft,,,brief.clarke.talking[0].heading,,,src/data/briefingContent.ts,,data-file
667,Pre-Meeting Brief,Emma Clarke — Annual Review,cs-leading,body,"""I flagged something before we start — I want to make sure this is right."" This sets the tone as proactive, not reactive.",draft,,,brief.clarke.talking[0].body,,,src/data/briefingContent.ts,,data-file
668,Pre-Meeting Brief,Emma Clarke — Annual Review,cs-leading,label,Acknowledge the referral,draft,,,brief.clarke.talking[1].heading,,,src/data/briefingContent.ts,,data-file
669,Pre-Meeting Brief,Emma Clarke — Annual Review,cs-leading,body,"""Derek reaching out means a lot."" Don't dwell — move on.",draft,,,brief.clarke.talking[1].body,,,src/data/briefingContent.ts,,data-file
670,Pre-Meeting Brief,Emma Clarke — Annual Review,cs-leading,label,Reference the 401(k) directly,draft,,,brief.clarke.talking[2].heading,,,src/data/briefingContent.ts,,data-file
671,Pre-Meeting Brief,Emma Clarke — Annual Review,cs-leading,body,"""We talked about this last March. I've been thinking about it — now feels like the right time."" Don't ask, offer.",draft,,,brief.clarke.talking[2].body,,,src/data/briefingContent.ts,,data-file
672,Pre-Meeting Brief,Emma Clarke — Annual Review,cs-leading,label,On college funding: name the number,draft,,,brief.clarke.talking[3].heading,,,src/data/briefingContent.ts,,data-file
673,Pre-Meeting Brief,Emma Clarke — Annual Review,cs-leading,body,"""You have $44K. You need $80K. Here's what we can do in 14 months.""",draft,,,brief.clarke.talking[3].body,,,src/data/briefingContent.ts,,data-file
674,Pre-Meeting Brief,Emma Clarke — Annual Review,cs-leading,body,Michael (spouse) not present and skeptical of fees. Do not close without his buy-in.,draft,,,brief.clarke.landmines[0],,,src/data/briefingContent.ts,,data-file
675,Pre-Meeting Brief,Emma Clarke — Annual Review,cs-leading,body,Cash pressure from college starting soon. Be sensitive.,draft,,,brief.clarke.landmines[1],,,src/data/briefingContent.ts,,data-file
676,Pre-Meeting Brief,Emma Clarke — Annual Review,cs-leading,body,DI and LTC are real gaps but not for today — she'll feel sold at.,draft,,,brief.clarke.landmines[2],,,src/data/briefingContent.ts,,data-file
677,Pre-Meeting Brief,Emma Clarke — Annual Review,cs-leading,body,Beneficiary update — get the form signed before she leaves. Everything else is conversation opener for follow-up. Don't overload.,draft,,,brief.clarke.decisionToClose,,,src/data/briefingContent.ts,,data-file
678,Pre-Meeting Brief,Derek Okafor — Prospect discovery,cs-leading,headline,Derek Okafor — Prospect discovery,draft,,,brief.okafor.title,,,src/data/briefingContent.ts,,data-file
679,Pre-Meeting Brief,Derek Okafor — Prospect discovery,cs-leading,body,Derek is a referral from Emma Clarke — he's verbal-committed but not yet confirmed in writing. Earn the right to a second meeting by listening more than you talk.,draft,,,brief.okafor.bottomLine,,,src/data/briefingContent.ts,,data-file
680,Pre-Meeting Brief,Derek Okafor — Prospect discovery,cs-leading,headline,"No personal life coverage — 3 kids under 12, business with payroll",draft,,,brief.okafor.needs.no-life.title,,,src/data/briefingContent.ts,,data-file
681,Pre-Meeting Brief,Derek Okafor — Prospect discovery,cs-leading,body,The gap will surface in his own answers if you ask the right discovery questions. Let him say it first.,draft,,,brief.okafor.needs.no-life.body,,,src/data/briefingContent.ts,,data-file
682,Pre-Meeting Brief,Derek Okafor — Prospect discovery,cs-leading,tag,Listen for,draft,,,brief.okafor.needs.no-life.badge,,,src/data/briefingContent.ts,,data-file
683,Pre-Meeting Brief,Derek Okafor — Prospect discovery,cs-leading,headline,"No DI — owner of a service business, sole rainmaker",draft,,,brief.okafor.needs.no-di.title,,,src/data/briefingContent.ts,,data-file
684,Pre-Meeting Brief,Derek Okafor — Prospect discovery,cs-leading,body,Probably the single most-leveraged product for his profile.,draft,,,brief.okafor.needs.no-di.body,,,src/data/briefingContent.ts,,data-file
685,Pre-Meeting Brief,Derek Okafor — Prospect discovery,cs-leading,tag,Opportunity,draft,,,brief.okafor.needs.no-di.badge,,,src/data/briefingContent.ts,,data-file
686,Pre-Meeting Brief,Derek Okafor — Prospect discovery,cs-leading,headline,"Business continuity — no buy-sell, no key-person",draft,,,brief.okafor.needs.bizcon.title,,,src/data/briefingContent.ts,,data-file
687,Pre-Meeting Brief,Derek Okafor — Prospect discovery,cs-leading,body,Park it for meeting 2 if today goes well.,draft,,,brief.okafor.needs.bizcon.body,,,src/data/briefingContent.ts,,data-file
688,Pre-Meeting Brief,Derek Okafor — Prospect discovery,cs-leading,tag,Discuss later,draft,,,brief.okafor.needs.bizcon.badge,,,src/data/briefingContent.ts,,data-file
689,Pre-Meeting Brief,Derek Okafor — Prospect discovery,cs-leading,label,Confirm the meeting first thing,draft,,,brief.okafor.talking[0].heading,,,src/data/briefingContent.ts,,data-file
690,Pre-Meeting Brief,Derek Okafor — Prospect discovery,cs-leading,body,He was only verbal-committed. Confirm calendar acceptance before he sits down.,draft,,,brief.okafor.talking[0].body,,,src/data/briefingContent.ts,,data-file
691,Pre-Meeting Brief,Derek Okafor — Prospect discovery,cs-leading,label,Open with Emma,draft,,,brief.okafor.talking[1].heading,,,src/data/briefingContent.ts,,data-file
692,Pre-Meeting Brief,Derek Okafor — Prospect discovery,cs-leading,body,"""Emma told me a little about you — but I'd rather hear it from you.""",draft,,,brief.okafor.talking[1].body,,,src/data/briefingContent.ts,,data-file
693,Pre-Meeting Brief,Derek Okafor — Prospect discovery,cs-leading,label,"Ask three questions, then shut up",draft,,,brief.okafor.talking[2].heading,,,src/data/briefingContent.ts,,data-file
694,Pre-Meeting Brief,Derek Okafor — Prospect discovery,cs-leading,body,"""What does the business look like in five years?"" / ""What happens to it if you can't work for six months?"" / ""What does Sarah know about how all this is set up?"" Don't rescue the silence.",draft,,,brief.okafor.talking[2].body,,,src/data/briefingContent.ts,,data-file
695,Pre-Meeting Brief,Derek Okafor — Prospect discovery,cs-leading,label,"End with a next step, not a pitch",draft,,,brief.okafor.talking[3].heading,,,src/data/briefingContent.ts,,data-file
696,Pre-Meeting Brief,Derek Okafor — Prospect discovery,cs-leading,body,"""Based on what you've shared, here's what I'd want to look at together — can we book 45 minutes next week?""",draft,,,brief.okafor.talking[3].body,,,src/data/briefingContent.ts,,data-file
697,Pre-Meeting Brief,Derek Okafor — Prospect discovery,cs-leading,body,"Don't lead with product. Emma told him ""Marcus is different — he asks before he sells.""",draft,,,brief.okafor.landmines[0],,,src/data/briefingContent.ts,,data-file
698,Pre-Meeting Brief,Derek Okafor — Prospect discovery,cs-leading,body,His prior advisor burned him on a fee discussion. Don't raise fees in meeting 1.,draft,,,brief.okafor.landmines[1],,,src/data/briefingContent.ts,,data-file
699,Pre-Meeting Brief,Derek Okafor — Prospect discovery,cs-leading,body,Sarah is the household decision-maker for protection conversations.,draft,,,brief.okafor.landmines[2],,,src/data/briefingContent.ts,,data-file
700,Pre-Meeting Brief,Derek Okafor — Prospect discovery,cs-leading,body,Get a second meeting on the calendar before he leaves. Don't pitch a product today — your win is earning meeting 2.,draft,,,brief.okafor.decisionToClose,,,src/data/briefingContent.ts,,data-file
701,Pre-Meeting Brief,Leela Patel — Annual Review,hl-accelerating,headline,Leela Patel — Annual Review,draft,,,brief.patel.title,,,src/data/briefingContent.ts,,data-file
702,Pre-Meeting Brief,Leela Patel — Annual Review,hl-accelerating,body,"Leela's household has grown and her current $1.2M term is right-sized to her old household, not her new one. Walk her through what changed and open the education-funding conversation while the new dependent is fresh.",draft,,,brief.patel.bottomLine,,,src/data/briefingContent.ts,,data-file
703,Pre-Meeting Brief,Leela Patel — Annual Review,hl-accelerating,headline,Term is right-sized to her old household — second child arrived 3 months ago,draft,,,brief.patel.needs.right-size.title,,,src/data/briefingContent.ts,,data-file
704,Pre-Meeting Brief,Leela Patel — Annual Review,hl-accelerating,body,Recommended need now: ~$1.8M total. This is the conversation she's already prepared for.,draft,,,brief.patel.needs.right-size.body,,,src/data/briefingContent.ts,,data-file
705,Pre-Meeting Brief,Leela Patel — Annual Review,hl-accelerating,tag,Right-size today,draft,,,brief.patel.needs.right-size.badge,,,src/data/briefingContent.ts,,data-file
706,Pre-Meeting Brief,Leela Patel — Annual Review,hl-accelerating,headline,No 529 for the new baby yet · oldest 529 underfunded for the timeline,draft,,,brief.patel.needs.edu.title,,,src/data/briefingContent.ts,,data-file
707,Pre-Meeting Brief,Leela Patel — Annual Review,hl-accelerating,body,Open a second 529 today. The math is friendly and the moment is right.,draft,,,brief.patel.needs.edu.body,,,src/data/briefingContent.ts,,data-file
708,Pre-Meeting Brief,Leela Patel — Annual Review,hl-accelerating,tag,Opportunity,draft,,,brief.patel.needs.edu.badge,,,src/data/briefingContent.ts,,data-file
709,Pre-Meeting Brief,Leela Patel — Annual Review,hl-accelerating,headline,Arjun is not a client yet — household has only half a plan,draft,,,brief.patel.needs.holistic.title,,,src/data/briefingContent.ts,,data-file
710,Pre-Meeting Brief,Leela Patel — Annual Review,hl-accelerating,body,"Frame as a household check, not a sales ask. Suggest a joint conversation later this quarter.",draft,,,brief.patel.needs.holistic.body,,,src/data/briefingContent.ts,,data-file
711,Pre-Meeting Brief,Leela Patel — Annual Review,hl-accelerating,tag,Discuss,draft,,,brief.patel.needs.holistic.badge,,,src/data/briefingContent.ts,,data-file
712,Pre-Meeting Brief,Leela Patel — Annual Review,hl-accelerating,label,Lead with the milestone,draft,,,brief.patel.talking[0].heading,,,src/data/briefingContent.ts,,data-file
713,Pre-Meeting Brief,Leela Patel — Annual Review,hl-accelerating,body,"""Before anything else — congratulations on baby #2. How is everyone doing?"" Two minutes here earns you the rest of the meeting.",draft,,,brief.patel.talking[0].body,,,src/data/briefingContent.ts,,data-file
714,Pre-Meeting Brief,Leela Patel — Annual Review,hl-accelerating,label,Walk her through what changed,draft,,,brief.patel.talking[1].heading,,,src/data/briefingContent.ts,,data-file
715,Pre-Meeting Brief,Leela Patel — Annual Review,hl-accelerating,body,"""Your household looks different than it did 12 months ago. Let me show you what your plan looks like next to it.""",draft,,,brief.patel.talking[1].body,,,src/data/briefingContent.ts,,data-file
716,Pre-Meeting Brief,Leela Patel — Annual Review,hl-accelerating,label,Name the education number,draft,,,brief.patel.talking[2].heading,,,src/data/briefingContent.ts,,data-file
717,Pre-Meeting Brief,Leela Patel — Annual Review,hl-accelerating,body,"""For two kids at private + state-flagship blend, you're looking at roughly $360K total. You're at $18K. Here's the monthly that closes the gap.""",draft,,,brief.patel.talking[2].body,,,src/data/briefingContent.ts,,data-file
718,Pre-Meeting Brief,Leela Patel — Annual Review,hl-accelerating,label,End with the joint check-in,draft,,,brief.patel.talking[3].heading,,,src/data/briefingContent.ts,,data-file
719,Pre-Meeting Brief,Leela Patel — Annual Review,hl-accelerating,body,"""I'd love to do a 30-minute household look with you and Arjun in the next month — no pitch, just a picture.""",draft,,,brief.patel.talking[3].body,,,src/data/briefingContent.ts,,data-file
720,Pre-Meeting Brief,Leela Patel — Annual Review,hl-accelerating,body,Don't over-index on permanent life today — she's cash-constrained with the new baby.,draft,,,brief.patel.landmines[0],,,src/data/briefingContent.ts,,data-file
721,Pre-Meeting Brief,Leela Patel — Annual Review,hl-accelerating,body,Arjun has been the slower yes historically. Don't pressure for a joint call today.,draft,,,brief.patel.landmines[1],,,src/data/briefingContent.ts,,data-file
722,Pre-Meeting Brief,Leela Patel — Annual Review,hl-accelerating,body,"Her 529 question last year felt like a sales push. Lead with the gap, not the product.",draft,,,brief.patel.landmines[2],,,src/data/briefingContent.ts,,data-file
723,Pre-Meeting Brief,Leela Patel — Annual Review,hl-accelerating,body,Submit the term right-size application today. Open the second 529 enrollment in-meeting. The Arjun conversation is meeting 2 — don't push.,draft,,,brief.patel.decisionToClose,,,src/data/briefingContent.ts,,data-file
724,Pre-Meeting Brief,Paul Reyes — Fact-finding (virtual),cs-building,headline,Paul Reyes — Fact-finding (virtual),draft,,,brief.reyes.title,,,src/data/briefingContent.ts,,data-file
725,Pre-Meeting Brief,Paul Reyes — Fact-finding (virtual),cs-building,body,Paul is a warm referral from M. Rosenthal. The way to land this is not to close. Listen. Ask about Lily and the kids. Find the goal he hasn't told anyone yet.,draft,,,brief.reyes.bottomLine,,,src/data/briefingContent.ts,,data-file
726,Pre-Meeting Brief,Paul Reyes — Fact-finding (virtual),cs-building,headline,No life coverage — primary earner with two young kids,draft,,,brief.reyes.needs.no-life.title,,,src/data/briefingContent.ts,,data-file
727,Pre-Meeting Brief,Paul Reyes — Fact-finding (virtual),cs-building,body,Term-20 modeled at $1.2M lines up with his profile. Don't pitch it today — let him tell you what he wants to protect.,draft,,,brief.reyes.needs.no-life.body,,,src/data/briefingContent.ts,,data-file
728,Pre-Meeting Brief,Paul Reyes — Fact-finding (virtual),cs-building,tag,Listen for,draft,,,brief.reyes.needs.no-life.badge,,,src/data/briefingContent.ts,,data-file
729,Pre-Meeting Brief,Paul Reyes — Fact-finding (virtual),cs-building,headline,No DI — freelance income · cannot afford a six-month gap,draft,,,brief.reyes.needs.no-di.title,,,src/data/briefingContent.ts,,data-file
730,Pre-Meeting Brief,Paul Reyes — Fact-finding (virtual),cs-building,body,"For a freelancer, DI is more existential than life. Lead with the question.",draft,,,brief.reyes.needs.no-di.body,,,src/data/briefingContent.ts,,data-file
731,Pre-Meeting Brief,Paul Reyes — Fact-finding (virtual),cs-building,tag,Opportunity,draft,,,brief.reyes.needs.no-di.badge,,,src/data/briefingContent.ts,,data-file
732,Pre-Meeting Brief,Paul Reyes — Fact-finding (virtual),cs-building,headline,Solo 401(k) is self-managed — likely under-optimized,draft,,,brief.reyes.needs.roth.title,,,src/data/briefingContent.ts,,data-file
733,Pre-Meeting Brief,Paul Reyes — Fact-finding (virtual),cs-building,body,Mention it lightly. It's the door to meeting 2 if today goes well.,draft,,,brief.reyes.needs.roth.body,,,src/data/briefingContent.ts,,data-file
734,Pre-Meeting Brief,Paul Reyes — Fact-finding (virtual),cs-building,tag,Discuss later,draft,,,brief.reyes.needs.roth.badge,,,src/data/briefingContent.ts,,data-file
735,Pre-Meeting Brief,Paul Reyes — Fact-finding (virtual),cs-building,label,Open with M. Rosenthal,draft,,,brief.reyes.talking[0].heading,,,src/data/briefingContent.ts,,data-file
736,Pre-Meeting Brief,Paul Reyes — Fact-finding (virtual),cs-building,body,"""Maria spoke really highly of you — she said your work on her studio rebrand was a turning point.""",draft,,,brief.reyes.talking[0].body,,,src/data/briefingContent.ts,,data-file
737,Pre-Meeting Brief,Paul Reyes — Fact-finding (virtual),cs-building,label,Three goals questions,draft,,,brief.reyes.talking[1].heading,,,src/data/briefingContent.ts,,data-file
738,Pre-Meeting Brief,Paul Reyes — Fact-finding (virtual),cs-building,body,"""What's the next big thing for you and Lily?"" / ""What scares you when you think 10 years out?"" / ""If you couldn't work for six months, what happens?"" Don't fill the pause after #3.",draft,,,brief.reyes.talking[1].body,,,src/data/briefingContent.ts,,data-file
739,Pre-Meeting Brief,Paul Reyes — Fact-finding (virtual),cs-building,label,Show that you heard him,draft,,,brief.reyes.talking[2].heading,,,src/data/briefingContent.ts,,data-file
740,Pre-Meeting Brief,Paul Reyes — Fact-finding (virtual),cs-building,body,"""Here's what I think I heard — tell me where I got it wrong."" Mirror back his words. This is what wins meeting 2.",draft,,,brief.reyes.talking[2].body,,,src/data/briefingContent.ts,,data-file
741,Pre-Meeting Brief,Paul Reyes — Fact-finding (virtual),cs-building,label,Coach drill — retirement-income objection,draft,,,brief.reyes.talking[3].heading,,,src/data/briefingContent.ts,,data-file
742,Pre-Meeting Brief,Paul Reyes — Fact-finding (virtual),cs-building,body,"5 min before the call, run the drill the Coach queued. If he asks ""why not just buy term online?"" — you'll have it ready.",draft,,,brief.reyes.talking[3].body,,,src/data/briefingContent.ts,,data-file
743,Pre-Meeting Brief,Paul Reyes — Fact-finding (virtual),cs-building,body,Don't pitch product today. Your win is a second meeting and a fact-finder completed.,draft,,,brief.reyes.landmines[0],,,src/data/briefingContent.ts,,data-file
744,Pre-Meeting Brief,Paul Reyes — Fact-finding (virtual),cs-building,body,Maria has told him he can ask hard questions — don't get defensive.,draft,,,brief.reyes.landmines[1],,,src/data/briefingContent.ts,,data-file
745,Pre-Meeting Brief,Paul Reyes — Fact-finding (virtual),cs-building,body,"He has financial trauma from a parent who lost coverage. Be careful around ""what if you couldn't work.""",draft,,,brief.reyes.landmines[2],,,src/data/briefingContent.ts,,data-file
746,Pre-Meeting Brief,Paul Reyes — Fact-finding (virtual),cs-building,body,Get a second meeting on the calendar before the call ends. Complete the fact-finder in real time. Don't close anything — meeting 2 is the win.,draft,,,brief.reyes.decisionToClose,,,src/data/briefingContent.ts,,data-file
747,Discovery,Nyla Introduction,,headline,"Hi, Sarah. I'm Nyla. Let's build a plan for your practice, your way.",draft,Net-new — not yet implemented in codebase,https://www.figma.com/design/VCjqlGu9kQVy2i5nqDxKqa/Exploration-pt-II?node-id=816-25664,discovery.intro.headline,advisorName,,src/scenes/OnboardingFlow.tsx,,inline
748,Discovery,Nyla Introduction,,body,"Every agent is different, and I want to hear what makes your style your own. As we go through this, keep in mind: the plan is always changeable. Let's get to know you.",draft,Net-new — not yet implemented in codebase,https://www.figma.com/design/VCjqlGu9kQVy2i5nqDxKqa/Exploration-pt-II?node-id=816-25664,discovery.intro.body,,,src/scenes/OnboardingFlow.tsx,,inline
749,Discovery,Plan Reveal,,loading,"Great, sounds like",draft,Net-new — not yet implemented in codebase,https://www.figma.com/design/VCjqlGu9kQVy2i5nqDxKqa/Exploration-pt-II?node-id=922-3415,discovery.plan-reveal.prefix,,,src/scenes/OnboardingFlow.tsx,,inline
750,Discovery,Plan Reveal,,headline,ALL ABOUT YOU,draft,Net-new — not yet implemented in codebase,https://www.figma.com/design/VCjqlGu9kQVy2i5nqDxKqa/Exploration-pt-II?node-id=922-3415,discovery.plan-reveal.headline,,,src/scenes/OnboardingFlow.tsx,,inline
751,Discovery,Nyla Introduction,,label,1.A Hello,draft,Net-new — not yet implemented in codebase,https://www.figma.com/design/VCjqlGu9kQVy2i5nqDxKqa/Exploration-pt-II?node-id=918-2943,discovery.sections.1a.label,,,src/scenes/OnboardingFlow.tsx,,inline
752,Discovery,Advisor History,,label,1.B History,draft,Net-new — not yet implemented in codebase,https://www.figma.com/design/VCjqlGu9kQVy2i5nqDxKqa/Exploration-pt-II?node-id=918-2941,discovery.sections.1b.label,,,src/scenes/OnboardingFlow.tsx,,inline
753,Discovery,Goals Discovery,,label,1.C Goals,draft,Net-new — not yet implemented in codebase,https://www.figma.com/design/VCjqlGu9kQVy2i5nqDxKqa/Exploration-pt-II?node-id=918-2942,discovery.sections.1c.label,,,src/scenes/OnboardingFlow.tsx,,inline
754,Discovery,Practice Setup,,label,1D Practice,draft,Net-new — not yet implemented in codebase,https://www.figma.com/design/VCjqlGu9kQVy2i5nqDxKqa/Exploration-pt-II?node-id=918-2945,discovery.sections.1d.label,,,src/scenes/OnboardingFlow.tsx,,inline
755,Discovery,Nyla Introduction,,greeting,"Welcome, {advisorName}",draft,Used in DiscoveryTransition intro phase,https://www.figma.com/design/VCjqlGu9kQVy2i5nqDxKqa/Exploration-pt-II?node-id=1003-18096,discovery.transition.greeting,advisorName,,src/ui/DiscoveryTransition.tsx,,inline
756,Discovery,Nyla Introduction,,headline,"Hi, {advisorName}. I'm Nyla. Let's build a plan for your practice, your way.",draft,Used in DiscoveryTransition reveal/settled phases — update from Figma which shows Sarah hardcoded,https://www.figma.com/design/VCjqlGu9kQVy2i5nqDxKqa/Exploration-pt-II?node-id=918-2665,discovery.transition.headline,advisorName,,src/ui/DiscoveryTransition.tsx,,inline
757,Practice,Client Activities,,heading,Which client activities do you typically prioritize?,draft,,https://www.figma.com/design/VCjqlGu9kQVy2i5nqDxKqa/Exploration-pt-II?node-id=940-3805,practice.activities.heading,,,src/scenes/DiscoveryFlow.tsx,,inline
758,Practice,Client Activities,,body,This is how I'll determine what's most important to show you.,draft,,,practice.activities.body,,,src/scenes/DiscoveryFlow.tsx,,inline
759,Practice,Client Activities,,label,Clients ready for a holistic conversation,draft,,,practice.activities.options[0],,,src/scenes/DiscoveryFlow.tsx,,inline
760,Practice,Client Activities,,label,Life events worth reaching out about,draft,,,practice.activities.options[1],,,src/scenes/DiscoveryFlow.tsx,,inline
761,Practice,Client Activities,,label,Pipeline items that need my attention,draft,,,practice.activities.options[2],,,src/scenes/DiscoveryFlow.tsx,,inline
762,Practice,Client Activities,,label,Referral opportunities in my book,draft,,,practice.activities.options[3],,,src/scenes/DiscoveryFlow.tsx,,inline
763,Practice,Client Activities,,label,My production pace vs. goal,draft,,,practice.activities.options[4],,,src/scenes/DiscoveryFlow.tsx,,inline
764,Practice,Client Connections,,heading,How do you currently stay connected with clients and prospects between meetings?,draft,,https://www.figma.com/design/VCjqlGu9kQVy2i5nqDxKqa/Exploration-pt-II?node-id=816-24998,practice.connections.heading,,,src/scenes/DiscoveryFlow.tsx,,inline
765,Practice,Client Connections,,body,Select up to three methods you use the most today.,draft,,,practice.connections.body,,,src/scenes/DiscoveryFlow.tsx,,inline
766,Practice,Client Connections,,label,Personal emails,draft,,,practice.connections.options[0],,,src/scenes/DiscoveryFlow.tsx,,inline
767,Practice,Client Connections,,label,LinkedIn and social media,draft,,,practice.connections.options[1],,,src/scenes/DiscoveryFlow.tsx,,inline
768,Practice,Client Connections,,label,Referral requests & COI relationships,draft,,,practice.connections.options[2],,,src/scenes/DiscoveryFlow.tsx,,inline
769,Practice,Client Connections,,label,Events and community involvement,draft,,,practice.connections.options[3],,,src/scenes/DiscoveryFlow.tsx,,inline
770,Practice,Client Connections,,label,Sharing content and market insights,draft,,,practice.connections.options[4],,,src/scenes/DiscoveryFlow.tsx,,inline
771,Practice,Client Connections,,label,I want to do more but lack a system,draft,,,practice.connections.options[5],,,src/scenes/DiscoveryFlow.tsx,,inline
772,Practice,Client Conversations,,heading,Which client conversations do you want more support with?,draft,,https://www.figma.com/design/VCjqlGu9kQVy2i5nqDxKqa/Exploration-pt-II?node-id=940-4244,practice.conversations.heading,,,src/scenes/DiscoveryFlow.tsx,,inline
773,Practice,Client Conversations,,body,Select up to three.,draft,,,practice.conversations.body,,,src/scenes/DiscoveryFlow.tsx,,inline
774,Practice,Client Conversations,,label,Protection & life insurance,draft,,,practice.conversations.options[0],,,src/scenes/DiscoveryFlow.tsx,,inline
775,Practice,Client Conversations,,label,Retirement income,draft,,,practice.conversations.options[1],,,src/scenes/DiscoveryFlow.tsx,,inline
776,Practice,Client Conversations,,label,Investment planning,draft,,,practice.conversations.options[2],,,src/scenes/DiscoveryFlow.tsx,,inline
777,Practice,Client Conversations,,label,Estate and legacy,draft,,,practice.conversations.options[3],,,src/scenes/DiscoveryFlow.tsx,,inline
778,Practice,Client Conversations,,label,Business owner solutions,draft,,,practice.conversations.options[4],,,src/scenes/DiscoveryFlow.tsx,,inline
779,Practice,Client Conversations,,label,LTC & benefits,draft,,,practice.conversations.options[5],,,src/scenes/DiscoveryFlow.tsx,,inline
780,Practice,Time Drains,,heading,What are the top things that take time away from your highest priorities?,draft,,https://www.figma.com/design/VCjqlGu9kQVy2i5nqDxKqa/Exploration-pt-II?node-id=940-4441,practice.time-drains.heading,,,src/scenes/DiscoveryFlow.tsx,,inline
781,Practice,Time Drains,,body,Select up to three.,draft,,,practice.time-drains.body,,,src/scenes/DiscoveryFlow.tsx,,inline
782,Practice,Time Drains,,label,Following up on stalled cases,draft,,,practice.time-drains.options[0],,,src/scenes/DiscoveryFlow.tsx,,inline
783,Practice,Time Drains,,label,Client service issues,draft,,,practice.time-drains.options[1],,,src/scenes/DiscoveryFlow.tsx,,inline
784,Practice,Time Drains,,label,Admin and follow-up emails after meetings,draft,,,practice.time-drains.options[2],,,src/scenes/DiscoveryFlow.tsx,,inline
785,Practice,Time Drains,,label,Managing multi-product workflows,draft,,,practice.time-drains.options[3],,,src/scenes/DiscoveryFlow.tsx,,inline
786,Practice,Time Drains,,label,Navigating which system has the answer,draft,,,practice.time-drains.options[4],,,src/scenes/DiscoveryFlow.tsx,,inline
787,Practice,Time Drains,,label,Admin after meetings,draft,,,practice.time-drains.options[5],,,src/scenes/DiscoveryFlow.tsx,,inline
788,Practice,Time Drains,,placeholder,Tell me in your own words...,draft,,,practice.time-drains.placeholder,,,src/scenes/DiscoveryFlow.tsx,,inline
789,Practice,Close Rate,,heading,Let's talk close rate.,draft,,https://www.figma.com/design/VCjqlGu9kQVy2i5nqDxKqa/Exploration-pt-II?node-id=816-25112,practice.close-rate.heading,,,src/scenes/DiscoveryFlow.tsx,,inline
790,Practice,Close Rate,,body,"This past year your close rate dipped compared to the previous 2 years. What's changed that it might help me to be aware of?",draft,,,practice.close-rate.body,,,src/scenes/DiscoveryFlow.tsx,,inline
791,Practice,Close Rate,,placeholder,Describe in your own words...,draft,,,practice.close-rate.placeholder,,,src/scenes/DiscoveryFlow.tsx,,inline
792,Practice,Close Rate,,label,Poor lead quality lately,draft,,,practice.close-rate.tags[0],,,src/scenes/DiscoveryFlow.tsx,,inline
793,Practice,Close Rate,,label,Uncompetitive pricing,draft,,,practice.close-rate.tags[1],,,src/scenes/DiscoveryFlow.tsx,,inline
794,Practice,Close Rate,,label,This is news to me,draft,,,practice.close-rate.tags[2],,,src/scenes/DiscoveryFlow.tsx,,inline
795,Practice,Close Rate,,cta,Save and continue,draft,,,practice.close-rate.cta,,,src/scenes/DiscoveryFlow.tsx,,inline
796,Goals,Growth Direction,,nyla-title-bold,"Your client base grew 22% last year",draft,,https://www.figma.com/design/VCjqlGu9kQVy2i5nqDxKqa/Exploration-pt-II?node-id=816-23032,goals.growth.nyla.title_bold,,,src/scenes/DiscoveryFlow.tsx,,inline
797,Goals,Growth Direction,,nyla-title-regular,"—amazing work, but you could be hitting a capacity wall in the near future.",draft,,https://www.figma.com/design/VCjqlGu9kQVy2i5nqDxKqa/Exploration-pt-II?node-id=816-23032,goals.growth.nyla.title_regular,,,src/scenes/DiscoveryFlow.tsx,,inline
798,Goals,Growth Direction,,nyla-body,"If you can't decide, think about which 3 you'd want to do first or are most on your mind.",draft,,https://www.figma.com/design/VCjqlGu9kQVy2i5nqDxKqa/Exploration-pt-II?node-id=816-23032,goals.growth.nyla.body,,,src/scenes/DiscoveryFlow.tsx,,inline
